male_ID,num_notes,num_notetype,song_length,pfcmax,pfcmin,bandwidth
KSWM,6,3,0.727,5812.5,2531.25,3281.25
KSWM,7,3,0.849,5250,2343.75,2906.25
KSWM,7,3,0.8539,5437.5,2718.75,2718.75
KSWM,6,3,1.9893,6093.75,2250,3843.75
KSWM,8,3,1.0032,5625,2625,3000
KSWM,7,3,0.9802,6000,2531.25,3468.75
KSWM,9,4,0.7789,6656.25,2156.25,4500
KSWM,10,4,0.8095,6468.75,2250,4218.75
KSWM,8,3,0.8914,8156.25,2343.75,5812.5
KSWM,8,3,0.7862,6656.25,2250,4406.25
KSWM,6,3,0.5787,5906.25,2625,3281.25
KSWM,6,3,0.2032,5062.5,3000,2062.5
KSWM,5,2,0.5492,5437.5,3375,2062.5
KSWM,8,3,0.8043,6562.5,2156.25,4406.25
KSWM,9,4,0.8162,6656.25,2250,4406.25
KSWM,8,3,0.8647,6843.75,2437.5,4406.25
KSWM,6,3,0.6076,5437.5,3281.25,2156.25
KSWM,7,3,0.682,6468.75,2156.25,4312.5
KSWM,6,3,0.5931,6656.25,2156.25,4500
KSWM,5,2,0.4962,5625,3375,2250
KSWM,8,4,0.8843,6187.5,3093.75,3093.75
KSWM,8,4,0.8004,6375,2156.25,4218.75
KSWM,6,3,0.5366,6281.25,2718.75,3562.5
KSWM,5,2,0.4257,6281.25,2437.5,3843.75
KSWM,6,3,0.6321,8625,2625,6000
KSWM,5,3,0.4816,6375,3000,3375
KSWM,6,3,0.5351,6468.75,2625,3843.75
KSWM,9,4,1.0057,6281.25,2156.25,4125
KSWM,8,4,0.8156,6187.5,2812.5,3375
KSWM,10,5,1.5441,7218.75,2625,4593.75
KSWM,6,3,0.5479,6468.75,2437.5,4031.25
KSWM,9,4,1.0725,6750,2812.5,3937.5
KSWM,7,3,0.8256,6375,2062.5,4312.5
KSWM,6,3,0.5828,6187.5,2343.75,3843.75
KSWM,5,4,1.1704,7406.25,2250,5156.25
KSWM,12,4,1.5507,6937.5,2343.75,4593.75
KSWM,7,4,0.9222,7218.75,2156.25,5062.5
KSWM,11,4,1.2387,5906.25,2437.5,3468.75
KSWM,38,11,3.311,6375,2343.75,4031.25
KSWM,3,2,0.515,7312.5,3375,3937.5
KSWM,3,2,0.458,7031.25,2156.25,4875
KSWM,6,3,0.8708,7218.75,2156.25,5062.5
KSWM,3,2,0.5842,6843.75,2437.5,4406.25
KSWM,3,2,0.3531,7031.25,3187.5,3843.75
KSWM,3,2,0.4029,6843.75,2906.25,3937.5
KSWM,3,2,0.3707,6562.5,3093.75,3468.75
KSWM,8,3,0.7373,6000,2062.5,3937.5
KSWM,6,2,0.4673,7031.25,2625,4406.25
KSWM,2,1,0.134,4875,3750,1125
KSWM,5,3,0.6774,6000,2250,3750
BSWY,5,2,0.4643,5812.5,2062.5,3750
BSWY,5,2,0.4544,5906.25,2625,3281.25
BSWY,5,2,0.4411,5718.75,2437.5,3281.25
BSWY,5,2,0.4087,6000,2343.75,3656.25
BSWY,8,2,0.5638,7406.25,2343.75,5062.5
BSWY,8,2,0.05278,7312.5,2625,4687.5
BSWY,8,2,0.5425,6656.25,2343.75,4312.5
BSWY,8,2,0.542,7406.25,2625,4781.25
BSWY,7,5,1.1023,7031.25,2437.5,4593.75
BSWY,7,5,1.0817,6656.25,2343.75,4312.5
BSWY,7,5,1.0166,6656.25,2343.75,4312.5
BSWY,5,3,0.5133,6281.25,2437.5,3843.75
BSWY,7,5,0.9782,6937.5,2437.5,4500
BSWY,7,5,1.0932,6375,2250,4125
BSWY,2,2,0.4231,5625,3281.25,2343.75
BSWY,2,2,0.4506,5718.75,3281.25,2437.5
BSWY,1,1,0.2592,4218.75,3093.75,1125
BSWY,5,3,0.3983,6750,2062.5,4687.5
BSWY,8,4,1.01,6468.75,2062.5,4406.25
BSWY,6,4,0.4627,7500,2250,5250
BSWY,5,3,0.4271,6562.5,2062.5,4500
BSWY,1,1,0.104,6562.5,2156.25,4406.25
BSWY,1,1,0.0581,5906.25,4500,1406.25
BSWY,1,1,0.1114,6375,3093.75,3281.25
BSWY,8,3,0.6756,6000,2343.75,3656.25
BSWY,9,3,0.7756,6843.75,2156.25,4687.5
BSWY,6,4,0.81,5625,2437.5,3187.5
BSWY,6,4,0.8287,5156.25,2156.25,3000
BSWY,8,4,0.9939,7312.5,2250,5062.5
BSWY,8,4,1.0602,7500,2156.25,5343.75
BSWY,6,4,0.9252,6468.75,1968.75,4500
BSWY,6,4,0.8822,6937.5,2156.25,4781.25
BSWY,3,2,0.4361,5718.75,2437.5,3281.25
BSWY,2,1,0.1894,4875,3375,1500
BSWY,4,3,0.872,7125,2156.25,4968.75
BSWY,1,1,0.2991,5812.5,3281.25,2531.25
BSWY,1,1,0.1757,5625,4593.75,1031.25
BSWY,1,1,0.2865,7968.75,3187.5,4781.25
BSWY,5,2,0.4216,6468.75,2156.25,4312.5
BSWY,4,2,0.439,6187.5,3187.5,3000
BSWY,5,2,0.6658,6656.25,1968.75,4687.5
BSWY,5,2,0.5477,7312.5,2062.5,5250
BSWY,5,3,0.6035,7406.25,2718.75,4687.5
BSWY,8,5,0.9895,6843.75,2062.5,4781.25
BSWY,5,3,0.6542,7968.75,2156.25,5812.5
BSWY,10,6,1.3604,6843.75,2062.5,4781.25
BSWY,9,3,0.8396,6375,3375,3000
BSWY,3,2,0.3763,4875,2343.75,2531.25
BSWY,11,4,1.2692,7218.75,2156.25,5062.5
BSWY,4,4,0.4056,5343.75,2156.25,3187.5
BWMS,10,4,1.1893,6843.75,2062.5,4781.25
BWMS,10,4,1.227,6562.5,2062.5,4500
BWMS,11,4,1.3394,6281.25,1968.75,4312.5
BWMS,11,4,1.2943,5531.25,1968.75,3562.5
BWMS,11,4,1.1779,6093.75,1968.75,4125
BWMS,10,4,1.2678,5531.25,2156.25,3375
BWMS,7,3,0.9373,6093.75,2062.5,4031.25
BWMS,10,4,1.2178,7125,2156.25,4968.75
BWMS,4,2,0.446,6468.75,2062.5,4406.25
BWMS,10,4,1.2001,6750,2156.25,4593.75
BWMS,10,4,1.1794,7125,2062.5,5062.5
BWMS,8,5,1.0386,6187.5,2156.25,4031.25
BWMS,8,5,0.9883,6468.75,2250,4218.75
BWMS,8,5,1.0243,6562.5,2250,4312.5
BWMS,6,2,0.4576,5718.75,2343.75,3375
BWMS,7,3,0.7703,4875,2343.75,2531.25
BWMS,7,3,0.5049,4968.75,2250,2718.75
BWMS,6,2,0.4486,5062.5,2343.75,2718.75
BWMS,6,2,0.4905,5437.5,2343.75,3093.75
BWMS,6,2,0.5081,5531.25,2250,3281.25
BWMS,6,2,0.5341,5343.75,2250,3093.75
BWMS,3,3,0.4974,5531.25,2718.75,2812.5
BWMS,3,3,0.5355,5250,2437.5,2812.5
BWMS,3,3,0.4914,5062.5,2531.25,2531.25
BWMS,3,3,0.5283,5343.75,2625,2718.75
BWMS,6,2,0.6318,5625,2343.75,3281.25
BWMS,5,2,0.5093,5906.25,2531.25,3375
BWMS,6,2,0.6,5343.75,2437.5,2906.25
BWMS,10,6,1.3293,6562.5,2156.25,4406.25
BWMS,6,3,0.7379,5812.5,3187.5,2625
BWMS,6,3,0.7179,5437.5,2625,2812.5
BWMS,6,3,0.7446,5531.25,3187.5,2343.75
BWMS,6,3,0.7134,5437.5,3281.25,2156.25
BWMS,6,3,0.7315,5437.5,3000,2437.5
BWMS,9,3,0.7666,5343.75,2531.25,2812.5
BWMS,2,1,0.2221,6000,4687.5,1312.5
BWMS,2,1,0.2219,6093.75,4875,1218.75
BWMS,9,4,0.9541,6281.25,2062.5,4218.75
BWMS,9,4,0.9785,5812.5,2062.5,3750
BWMS,9,4,1.0143,6656.25,2062.5,4593.75
BWMS,8,6,1.0013,6375,2062.5,4312.5
BWMS,8,6,0.9898,7125,2062.5,5062.5
BWMS,8,6,1.0267,4875,1968.75,2906.25
BWMS,9,7,1.1171,6375,2062.5,4312.5
BWMS,3,3,0.4683,4687.5,2156.25,2531.25
BWMS,3,3,0.5271,7125,2156.25,4968.75
BWMS,6,3,0.6548,5343.75,2343.75,3000
BWMS,6,3,0.5721,5250,2156.25,3093.75
BWMS,8,4,0.8064,6750,2343.75,4406.25
BWMS,4,3,0.7932,5812.5,2156.25,3656.25
BBGS,4,2,0.4222,4968.75,2343.75,2625
BBGS,4,2,0.4097,4968.75,2250,2718.75
BBGS,4,2,0.4317,5343.75,2062.5,3281.25
BBGS,5,3,0.7346,6468.75,2343.75,4125
BBGS,3,1,0.2072,4875,3000,1875
BBGS,4,2,0.4332,4593.75,2343.75,2250
BBGS,3,1,0.1993,4687.5,2812.5,1875
BBGS,9,4,0.9144,4968.75,2062.5,2906.25
BBGS,4,2,0.4137,4968.75,2531.25,2437.5
BBGS,4,2,0.429,4406.25,2156.25,2250
BBGS,4,2,0.5509,5718.75,2437.5,3281.25
BBGS,4,2,0.5185,5718.75,2343.75,3375
BBGS,4,2,0.5618,6281.25,2437.5,3843.75
BBGS,4,2,0.6152,5625,2437.5,3187.5
BBGS,4,2,0.5908,5906.25,2437.5,3468.75
BBGS,4,2,0.5336,7500,2156.25,5343.75
BBGS,3,1,0.2026,4406.25,2250,2156.25
BBGS,4,2,0.601,7968.75,2343.75,5625
BBGS,4,2,0.5027,7593.75,2343.75,5250
BBGS,4,2,0.5153,8531.25,2343.75,6187.5
BBGS,4,2,0.5383,7781.25,2531.25,5250
BBGS,4,2,0.5412,7500,2250,5250
BBGS,4,2,0.5587,7406.25,2250,5156.25
BBGS,5,3,0.6963,6375,2156.25,4218.75
BBGS,4,2,0.3185,5437.5,2343.75,3093.75
BBGS,5,3,0.5944,7218.75,2250,4968.75
BBGS,5,3,0.6099,6937.5,2437.5,4500
BBGS,4,2,0.365,5156.25,2343.75,2812.5
BBGS,6,4,0.6689,6187.5,2437.5,3750
BBGS,5,3,0.6269,5718.75,2437.5,3281.25
BBGS,6,4,0.6948,6187.5,2437.5,3750
BBGS,10,4,1.0289,7687.5,2343.75,5343.75
BBGS,9,4,1.0029,8625,2343.75,6281.25
BBGS,15,8,1.9819,9843.75,2062.5,7781.25
BBGS,6,2,0.6147,7781.25,2343.75,5437.5
BBGS,6,2,0.6907,7781.25,2343.75,5437.5
BBGS,3,2,0.5928,8531.25,2906.25,5625
BBGS,1,1,0.0861,9000,2062.5,6937.5
BBGS,1,1,0.1952,7406.25,4031.25,3375
BBGS,26,14,3.2413,9937.5,2062.5,7875
BBGS,12,7,1.7373,9656.25,2250,7406.25
BBGS,18,11,2.0385,7781.25,2062.5,5718.75
BBGS,30,12,4.3828,8437.5,2156.25,6281.25
BBGS,8,5,1.0486,6187.5,2343.75,3843.75
BBGS,8,5,1.0304,6562.5,2437.5,4125
BBGS,11,7,1.3735,8531.25,2250,6281.25
BBGS,5,3,0.6525,6656.25,3468.75,3187.5
BBGS,11,7,1.4225,7875,2156.25,5718.75
BBGS,14,6,1.717,9281.25,2250,7031.25
BBGS,4,2,0.3965,6750,3281.25,3468.75
GGOS,7,3,0.6713,5625,2343.75,3281.25
GGOS,5,2,0.3971,7406.25,2625,4781.25
GGOS,7,3,0.7428,8437.5,2718.75,5718.75
GGOS,7,3,0.6189,6375,2343.75,4031.25
GGOS,6,3,0.721,6281.25,2718.75,3562.5
GGOS,7,3,0.6758,5718.75,2531.25,3187.5
GGOS,7,3,0.6317,5718.75,2437.5,3281.25
GGOS,7,3,0.6529,6000,2250,3750
GGOS,5,2,0.4045,7125,2437.5,4687.5
GGOS,7,3,0.6491,5906.25,2343.75,3562.5
GGOS,6,3,0.4963,8437.5,2531.25,5906.25
GGOS,7,3,0.7168,8531.25,2625,5906.25
GGOS,6,3,0.5022,7218.75,2531.25,4687.5
GGOS,6,3,0.4455,7125,2531.25,4593.75
GGOS,5,2,0.4382,5343.75,2250,3093.75
GGOS,5,2,0.4206,6375,2156.25,4218.75
GGOS,5,2,0.4427,6093.75,2156.25,3937.5
GGOS,5,2,0.4531,6000,2156.25,3843.75
GGOS,5,2,0.428,5625,2156.25,3468.75
GGOS,5,2,0.4517,5906.25,2156.25,3750
GGOS,9,3,0.8916,6093.75,2343.75,3750
GGOS,8,2,0.6401,5718.75,2343.75,3375
GGOS,8,2,0.647,5718.75,2156.25,3562.5
GGOS,8,6,1.0982,8250,2062.5,6187.5
GGOS,8,6,1.0821,8343.75,2156.25,6187.5
GGOS,8,6,1.0927,8437.5,2156.25,6281.25
GGOS,8,6,1.1679,8625,2156.25,6468.75
GGOS,8,6,1.1475,8718.75,2062.5,6656.25
GGOS,11,5,1.1167,5718.75,2062.5,3656.25
GGOS,11,5,1.1687,7312.5,1968.75,5343.75
GGOS,11,5,1.2007,5531.25,2062.5,3468.75
GGOS,11,5,1.1788,6375,1968.75,4406.25
GGOS,11,5,1.2374,5718.75,2156.25,3562.5
GGOS,11,5,1.1983,5531.25,2156.25,3375
GGOS,11,5,1.3158,5906.25,2062.5,3843.75
GGOS,4,2,0.5487,6093.75,3281.25,2812.5
GGOS,4,2,0.5253,6187.5,3281.25,2906.25
GGOS,4,2,0.4999,6468.75,3468.75,3000
GGOS,4,2,0.534,5437.5,3375,2062.5
GGOS,4,2,0.5508,5812.5,3375,2437.5
GGOS,10,4,1.1634,5625,2156.25,3468.75
GGOS,2,1,0.2128,5250,4406.25,843.75
GGOS,10,4,1.2057,5625,2062.5,3562.5
GGOS,3,2,0.4109,4968.75,2437.5,2531.25
GGOS,7,3,0.7975,5812.5,2156.25,3656.25
GGOS,8,3,0.9345,6375,3468.75,2906.25
GGOS,5,3,0.5044,6093.75,2156.25,3937.5
GGOS,6,3,0.7257,7218.75,2250,4968.75
GGOS,1,1,0.1371,7968.75,2625,5343.75
GGOS,13,5,1.2013,8718.75,2062.5,6656.25
GOMS,5,2,0.5771,6562.5,2343.75,4218.75
GOMS,5,2,0.5774,6093.75,2250,3843.75
GOMS,5,4,0.4697,6187.5,2250,3937.5
GOMS,6,2,0.4596,5812.5,2906.25,2906.25
GOMS,6,2,0.534,6093.75,2718.75,3375
GOMS,6,2,0.5231,6000,2531.25,3468.75
GOMS,6,2,0.4814,6000,2718.75,3281.25
GOMS,6,2,0.5043,6000,2625,3375
GOMS,6,2,0.5166,5812.5,2250,3562.5
GOMS,1,1,0.1625,5906.25,4500,1406.25
GOMS,4,2,0.4987,6562.5,3656.25,2906.25
GOMS,4,2,0.5404,6093.75,3843.75,2250
GOMS,4,2,0.5199,5531.25,4031.25,1500
GOMS,4,2,0.5787,5156.25,3750,1406.25
GOMS,5,3,0.6619,6187.5,3562.5,2625
GOMS,4,2,0.4902,5156.25,3562.5,1593.75
GOMS,4,2,0.5324,6000,3281.25,2718.75
GOMS,4,2,0.5419,5812.5,4031.25,1781.25
GOMS,4,2,0.5066,6375,4031.25,2343.75
GOMS,4,2,0.5076,6187.5,3843.75,2343.75
GOMS,6,3,0.5996,7875,2250,5625
GOMS,6,3,0.6323,8625,2156.25,6468.75
GOMS,7,2,0.5773,7312.5,3093.75,4218.75
GOMS,7,2,0.5557,6656.25,2812.5,3843.75
GOMS,10,6,1.2629,7312.5,2156.25,5156.25
GOMS,11,6,1.3453,7406.25,1968.75,5437.5
GOMS,4,2,0.5156,8343.75,2906.25,5437.5
GOMS,7,2,0.7049,7500,2718.75,4781.25
GOMS,4,4,0.8861,5718.75,2250,3468.75
GOMS,3,3,0.4668,5812.5,2343.75,3468.75
GOMS,2,2,0.4633,6468.75,2250,4218.75
GOMS,8,4,1.0864,7781.25,2531.25,5250
GOMS,7,3,0.7687,5531.25,2343.75,3187.5
GOMS,4,4,1.8173,7781.25,2437.5,5343.75
GOMS,6,2,0.5029,6562.5,2156.25,4406.25
GOMS,6,2,0.7408,7218.75,2156.25,5062.5
GOMS,7,2,0.6538,6375,2156.25,4218.75
GOMS,6,2,0.5658,6562.5,2156.25,4406.25
GOMS,8,3,0.8919,6375,2062.5,4312.5
GOMS,5,2,0.4775,6468.75,2156.25,4312.5
GOMS,7,2,0.7625,6093.75,2156.25,3937.5
GOMS,7,2,0.8268,6656.25,2156.25,4500
GOMS,6,2,0.5877,6562.5,2625,3937.5
GOMS,6,2,0.654,6375,2156.25,4218.75
GOMS,6,2,0.8026,6656.25,2812.5,3843.75
GOMS,6,3,0.8087,7406.25,2812.5,4593.75
GOMS,8,4,0.9186,8625,2343.75,6281.25
GOMS,9,5,1.1682,8437.5,2437.5,6000
GOMS,8,4,1.1031,7312.5,2062.5,5250
GOMS,6,1,0.3822,6468.75,3468.75,3000
KKWS,6,3,0.7032,5906.25,2531.25,3375
KKWS,6,3,1.0333,7500,2156.25,5343.75
KKWS,6,3,1.0003,6375,2250,4125
KKWS,5,1,0.3725,5250,3656.25,1593.75
KKWS,5,1,0.3667,5343.75,3843.75,1500
KKWS,5,1,0.4052,5343.75,4125,1218.75
KKWS,2,2,0.1788,5718.75,2437.5,3281.25
KKWS,6,3,0.7063,6375,2250,4125
KKWS,6,3,0.7053,7125,2250,4875
KKWS,10,3,0.7105,6468.75,2343.75,4125
KKWS,10,3,0.8059,6187.5,2343.75,3843.75
KKWS,10,3,0.7822,6750,2531.25,4218.75
KKWS,4,3,0.6392,6281.25,2062.5,4218.75
KKWS,9,5,1.0148,7406.25,2156.25,5250
KKWS,5,3,0.6145,5718.75,2062.5,3656.25
KKWS,6,4,0.7717,6562.5,2062.5,4500
KKWS,13,6,1.5347,6468.75,2156.25,4312.5
KKWS,5,3,0.8803,6281.25,2718.75,3562.5
KKWS,7,2,0.5458,5812.5,2437.5,3375
KKWS,7,2,0.547,5906.25,2250,3656.25
KKWS,4,2,0.3907,5625,2437.5,3187.5
KKWS,4,2,0.3753,5718.75,2343.75,3375
KKWS,4,2,0.4081,6187.5,2531.25,3656.25
KKWS,4,2,0.3799,6000,2343.75,3656.25
KKWS,4,2,0.4047,5718.75,2343.75,3375
KKWS,4,2,0.3848,5531.25,2343.75,3187.5
KKWS,3,2,0.4531,6656.25,2718.75,3937.5
KKWS,3,2,0.4548,6093.75,2437.5,3656.25
KKWS,3,2,0.4068,6750,2343.75,4406.25
KKWS,3,2,0.4064,6187.5,2812.5,3375
KKWS,3,2,0.4564,6562.5,2625,3937.5
KKWS,3,2,0.3995,6937.5,2718.75,4218.75
KKWS,3,2,0.404,6937.5,2531.25,4406.25
KKWS,1,1,0.1787,6000,3093.75,2906.25
KKWS,4,4,0.7436,7125,3093.75,4031.25
KKWS,4,4,0.7328,7218.75,3000,4218.75
KKWS,4,4,0.7469,6937.5,2812.5,4125
KKWS,4,4,0.8111,7031.25,2250,4781.25
KKWS,4,4,0.7683,7218.75,2718.75,4500
KKWS,4,4,0.7682,7031.25,2625,4406.25
KKWS,3,2,0.3937,6562.5,4218.75,2343.75
KKWS,10,6,1.6336,7875,2156.25,5718.75
KKWS,9,5,1.1791,6656.25,2156.25,4500
KKWS,9,5,1.1688,6562.5,2156.25,4406.25
KKWS,9,5,1.2674,6375,2062.5,4312.5
KKWS,5,2,0.4821,9187.5,2343.75,6843.75
KKWS,5,2,0.4777,9000,2718.75,6281.25
KKWS,6,2,0.5172,8812.5,2718.75,6093.75
KKWS,5,2,0.4317,8906.25,2250,6656.25
KKWS,1,1,0.1644,5625,3656.25,1968.75
KMGS,4,2,0.5092,6187.5,3281.25,2906.25
KMGS,5,3,0.6804,6281.25,2625,3656.25
KMGS,5,3,0.6982,6375,2343.75,4031.25
KMGS,4,2,0.4703,6281.25,2812.5,3468.75
KMGS,4,2,0.5212,6281.25,3375,2906.25
KMGS,4,2,0.4762,6281.25,3093.75,3187.5
KMGS,3,1,0.2369,4968.75,3093.75,1875
KMGS,4,2,0.4508,6281.25,3187.5,3093.75
KMGS,4,2,0.4707,6281.25,3468.75,2812.5
KMGS,4,2,0.4561,6187.5,3281.25,2906.25
KMGS,5,4,0.6088,6000,2250,3750
KMGS,5,4,0.5797,6656.25,2156.25,4500
KMGS,5,4,0.6312,7031.25,2156.25,4875
KMGS,5,4,0.619,6093.75,2156.25,3937.5
KMGS,5,4,0.6144,6750,2343.75,4406.25
KMGS,5,4,0.5821,6000,2156.25,3843.75
KMGS,5,4,0.6263,6375,2625,3750
KMGS,8,4,0.9601,7500,2156.25,5343.75
KMGS,8,3,0.6101,6093.75,2437.5,3656.25
KMGS,10,5,0.7747,6093.75,2625,3468.75
KMGS,8,4,0.5783,5437.5,2718.75,2718.75
KMGS,8,4,0.5954,5437.5,2156.25,3281.25
KMGS,3,3,0.4518,6656.25,3187.5,3468.75
KMGS,5,3,0.662,5625,2437.5,3187.5
KMGS,3,3,0.4039,6468.75,2812.5,3656.25
KMGS,3,3,0.4843,8062.5,2812.5,5250
KMGS,8,2,0.4901,5531.25,2156.25,3375
KMGS,8,2,0.5646,7312.5,2156.25,5156.25
KMGS,8,2,0.4982,5437.5,2156.25,3281.25
KMGS,8,2,0.4996,5437.5,2250,3187.5
KMGS,1,1,0.2513,5343.75,4218.75,1125
KMGS,1,1,0.1912,5156.25,3843.75,1312.5
KMGS,1,1,0.2101,7781.25,3187.5,4593.75
KMGS,1,1,0.2822,7218.75,3468.75,3750
KMGS,8,3,0.7674,6281.25,2062.5,4218.75
KMGS,6,4,0.7142,6187.5,2062.5,4125
KMGS,9,4,1.0506,8343.75,2625,5718.75
KMGS,8,4,1.0623,7875,1968.75,5906.25
KMGS,9,4,0.9548,8343.75,2625,5718.75
KMGS,4,2,0.4664,7312.5,2625,4687.5
KMGS,9,4,1.0045,8156.25,2718.75,5437.5
KMGS,7,3,0.5184,7031.25,2718.75,4312.5
KMGS,7,4,0.7775,5625,2437.5,3187.5
KMGS,5,3,0.5429,5531.25,2718.75,2812.5
KMGS,5,2,0.5796,5812.5,2531.25,3281.25
KMGS,5,2,0.5345,5625,2531.25,3093.75
KMGS,7,3,0.6683,6656.25,3000,3656.25
KMGS,7,3,0.683,6937.5,3000,3937.5
KMGS,5,4,0.6665,5625,2625,3000
KMGS,10,4,0.9692,6093.75,2343.75,3750
MWYS,4,2,0.3688,6000,2156.25,3843.75
MWYS,4,2,0.3937,6187.5,3000,3187.5
MWYS,3,1,0.2199,4875,2718.75,2156.25
MWYS,9,5,0.9487,5718.75,2156.25,3562.5
MWYS,9,5,0.9269,6000,2250,3750
MWYS,5,2,0.5249,5531.25,2437.5,3093.75
MWYS,5,2,0.5317,5531.25,2437.5,3093.75
MWYS,5,2,0.5182,5437.5,2437.5,3000
MWYS,5,2,0.5158,5437.5,2437.5,3000
MWYS,4,1,0.2495,5531.25,2062.5,3468.75
MWYS,5,2,0.5167,5437.5,2437.5,3000
MWYS,5,2,0.532,5531.25,2437.5,3093.75
MWYS,6,3,0.6033,5625,2343.75,3281.25
MWYS,5,2,0.4815,5531.25,2625,2906.25
MWYS,5,2,0.5064,5625,2437.5,3187.5
MWYS,5,2,0.5243,5531.25,2343.75,3187.5
MWYS,5,2,0.4686,5718.75,2625,3093.75
MWYS,5,2,0.4876,5343.75,2625,2718.75
MWYS,5,2,0.5022,5343.75,2437.5,2906.25
MWYS,5,2,0.491,5437.5,2531.25,2906.25
MWYS,5,2,0.5048,5343.75,2437.5,2906.25
MWYS,5,2,0.5236,5531.25,2437.5,3093.75
MWYS,5,2,0.5183,5625,2437.5,3187.5
MWYS,5,2,0.537,4781.25,2437.5,2343.75
MWYS,5,2,0.4976,5343.75,2437.5,2906.25
MWYS,5,2,0.539,5531.25,2437.5,3093.75
MWYS,5,2,0.517,5812.5,2343.75,3468.75
MWYS,5,2,0.5475,5812.5,2437.5,3375
MWYS,5,5,0.8489,7593.75,2062.5,5531.25
MWYS,11,6,1.3737,6000,2250,3750
MWYS,6,3,0.6268,6375,2531.25,3843.75
MWYS,11,6,1.362,6468.75,2156.25,4312.5
MWYS,11,6,1.3877,6093.75,2156.25,3937.5
MWYS,11,6,1.2733,6093.75,2250,3843.75
MWYS,8,3,0.6297,6187.5,2156.25,4031.25
MWYS,11,4,0.6136,5625,2156.25,3468.75
MWYS,10,4,1.0011,6281.25,3093.75,3187.5
MWYS,2,2,0.5898,6000,2812.5,3187.5
MWYS,5,2,0.4892,5906.25,2062.5,3843.75
MWYS,17,4,0.9513,5812.5,2531.25,3281.25
MWYS,13,3,0.708,5718.75,2250,3468.75
MWYS,5,1,0.1818,5625,2812.5,2812.5
MWYS,4,2,0.4818,5625,3562.5,2062.5
MWYS,4,2,0.4747,5343.75,3562.5,1781.25
MWYS,4,2,0.4962,4781.25,3468.75,1312.5
MWYS,4,2,0.5069,4781.25,2531.25,2250
MWYS,4,2,0.5152,7031.25,3562.5,3468.75
MWYS,4,3,0.6075,5718.75,2250,3468.75
MWYS,4,3,0.6263,5718.75,2437.5,3281.25
MWYS,4,3,0.6372,5718.75,2343.75,3375
OGBS,6,3,0.4596,5437.5,2156.25,3281.25
OGBS,6,3,0.4574,5812.5,2531.25,3281.25
OGBS,6,3,0.4562,5718.75,2250,3468.75
OGBS,6,3,0.4549,5718.75,2343.75,3375
OGBS,6,3,0.3648,5531.25,2250,3281.25
OGBS,6,3,0.4483,5718.75,2437.5,3281.25
OGBS,6,3,0.3873,5625,2062.5,3562.5
OGBS,6,3,0.447,5531.25,2343.75,3187.5
OGBS,3,2,0.3064,6656.25,2718.75,3937.5
OGBS,3,2,0.3438,6937.5,2718.75,4218.75
OGBS,3,2,0.3414,7125,2343.75,4781.25
OGBS,3,2,0.3424,6843.75,2625,4218.75
OGBS,11,6,1.0253,8437.5,2250,6187.5
OGBS,12,6,1.0102,7031.25,2250,4781.25
OGBS,11,6,0.9846,8906.25,2156.25,6750
OGBS,12,6,1.0087,8437.5,2156.25,6281.25
OGBS,12,6,1.0243,7781.25,2343.75,5437.5
OGBS,3,3,0.6847,6375,2250,4125
OGBS,2,2,0.3402,6187.5,3375,2812.5
OGBS,3,3,0.687,6656.25,2062.5,4593.75
OGBS,3,3,0.5617,6281.25,2343.75,3937.5
OGBS,2,2,0.3101,7406.25,3656.25,3750
OGBS,5,3,0.4482,7031.25,2437.5,4593.75
OGBS,5,3,0.4779,6468.75,2343.75,4125
OGBS,5,3,0.4682,7500,2250,5250
OGBS,5,3,0.4714,7125,2250,4875
OGBS,5,2,0.4084,5906.25,2156.25,3750
OGBS,4,2,0.4287,6562.5,2156.25,4406.25
OGBS,3,2,0.3362,5343.75,2531.25,2812.5
OGBS,3,2,0.3446,5343.75,2437.5,2906.25
OGBS,3,2,0.3678,5437.5,2343.75,3093.75
OGBS,4,2,0.3329,7406.25,2250,5156.25
OGBS,4,2,0.372,6937.5,2531.25,4406.25
OGBS,6,3,0.6484,5625,2437.5,3187.5
OGBS,5,2,0.5229,6468.75,2062.5,4406.25
OGBS,5,4,0.4599,6750,2062.5,4687.5
OGBS,4,4,0.4141,6093.75,2156.25,3937.5
OGBS,5,4,0.4744,6937.5,2156.25,4781.25
OGBS,5,4,0.4609,6750,2062.5,4687.5
OGBS,5,3,0.4968,5812.5,1968.75,3843.75
OGBS,4,3,0.5113,6468.75,2531.25,3937.5
OGBS,4,3,0.5451,6375,3000,3375
OGBS,4,3,0.5262,6187.5,2906.25,3281.25
OGBS,4,3,0.4959,6375,2718.75,3656.25
OGBS,4,3,0.5118,6468.75,2343.75,4125
OGBS,5,3,0.515,5625,2343.75,3281.25
OGBS,6,3,0.5946,4968.75,2625,2343.75
OGBS,5,3,0.5147,5343.75,2531.25,2812.5
OGBS,5,3,0.5357,5343.75,2531.25,2812.5
OGBS,4,2,0.8695,6562.5,2250,4312.5
OSYR,15,8,1.8252,7031.25,2437.5,4593.75
OSYR,11,7,2.1035,7406.25,2062.5,5343.75
OSYR,7,3,0.5004,5531.25,2625,2906.25
OSYR,8,3,0.5566,5156.25,2250,2906.25
OSYR,8,3,0.5776,5906.25,2437.5,3468.75
OSYR,8,3,0.5471,5250,2531.25,2718.75
OSYR,8,3,0.5512,5625,2625,3000
OSYR,8,3,0.5595,5343.75,2718.75,2625
OSYR,8,3,0.5496,5437.5,2531.25,2906.25
OSYR,8,3,0.5772,5437.5,2625,2812.5
OSYR,7,3,0.6836,6468.75,2343.75,4125
OSYR,8,5,0.8095,7218.75,2343.75,4875
OSYR,7,4,0.7293,6843.75,2250,4593.75
OSYR,7,4,0.7873,6750,2250,4500
OSYR,7,4,0.7509,6562.5,2343.75,4218.75
OSYR,7,4,0.7678,6843.75,2156.25,4687.5
OSYR,7,4,0.806,7218.75,2156.25,5062.5
OSYR,7,4,0.7696,7312.5,2156.25,5156.25
OSYR,7,4,0.8004,7031.25,2343.75,4687.5
OSYR,7,4,0.7781,6750,2343.75,4406.25
OSYR,7,4,0.7948,7125,2343.75,4781.25
OSYR,7,4,0.7766,6656.25,2437.5,4218.75
OSYR,7,4,0.7933,6843.75,2343.75,4500
OSYR,5,2,0.5016,6375,2156.25,4218.75
OSYR,3,3,0.3217,5906.25,2156.25,3750
OSYR,3,3,0.338,5812.5,2156.25,3656.25
OSYR,7,3,0.7035,5718.75,3187.5,2531.25
OSYR,4,2,0.4342,6281.25,4593.75,1687.5
OSYR,6,4,0.9647,6187.5,2250,3937.5
OSYR,6,4,0.9038,7125,2343.75,4781.25
OSYR,1,1,0.1941,3375,2250,1125
OSYR,7,2,0.6638,7593.75,3843.75,3750
OSYR,4,1,0.2799,6375,4406.25,1968.75
OSYR,4,1,0.2874,6656.25,4125,2531.25
OSYR,4,1,0.2321,5906.25,4500,1406.25
OSYR,4,1,0.2339,6187.5,4406.25,1781.25
OSYR,4,1,0.1904,5718.75,4593.75,1125
OSYR,10,2,0.9012,5531.25,2156.25,3375
OSYR,4,2,0.3762,5625,2531.25,3093.75
OSYR,7,3,0.6534,5718.75,2156.25,3562.5
OSYR,1,1,0.1888,4312.5,2062.5,2250
OSYR,1,1,0.2223,4781.25,2156.25,2625
OSYR,2,2,0.5015,6000,3093.75,2906.25
OSYR,1,1,0.1712,6000,4593.75,1406.25
OSYR,2,2,0.4483,6187.5,3093.75,3093.75
OSYR,2,2,0.2984,6093.75,3093.75,3000
OSYR,2,2,0.429,5625,2906.25,2718.75
OSYR,2,2,0.4176,6000,3093.75,2906.25
OSYR,1,1,0.1886,6093.75,4218.75,1875
OSYR,2,2,0.4233,6093.75,3093.75,3000
RSKB,6,2,0.3748,5437.5,2625,2812.5
RSKB,4,2,0.3523,6187.5,2062.5,4125
RSKB,5,3,0.6418,6375,2156.25,4218.75
RSKB,5,3,0.6654,6375,2062.5,4312.5
RSKB,4,2,0.4051,5718.75,2062.5,3656.25
RSKB,6,3,0.706,6843.75,2156.25,4687.5
RSKB,6,3,0.6581,6375,2250,4125
RSKB,10,6,1.3152,6843.75,2062.5,4781.25
RSKB,6,3,0.6949,6093.75,2062.5,4031.25
RSKB,4,1,0.254,6375,4593.75,1781.25
RSKB,5,3,0.5194,7218.75,2625,4593.75
RSKB,4,2,0.4448,5718.75,2437.5,3281.25
RSKB,5,3,0.5319,7406.25,2718.75,4687.5
RSKB,5,3,0.5397,6750,2437.5,4312.5
RSKB,5,3,0.5299,7500,2531.25,4968.75
RSKB,5,3,0.5413,7218.75,2156.25,5062.5
RSKB,5,2,0.5488,5625,2156.25,3468.75
RSKB,5,3,0.5254,7406.25,2437.5,4968.75
RSKB,1,1,0.1768,6937.5,3937.5,3000
RSKB,6,3,0.541,5812.5,2156.25,3656.25
RSKB,6,3,0.4911,5906.25,2343.75,3562.5
RSKB,8,4,0.7937,5812.5,2343.75,3468.75
RSKB,6,3,0.4968,6000,2156.25,3843.75
RSKB,6,3,0.496,5906.25,2250,3656.25
RSKB,6,3,0.4666,5437.5,2062.5,3375
RSKB,6,3,0.4859,5625,2250,3375
RSKB,11,8,0.9891,5812.5,2156.25,3656.25
RSKB,2,2,0.1898,5531.25,2718.75,2812.5
RSKB,3,1,0.2638,4968.75,3562.5,1406.25
RSKB,4,4,0.6702,6937.5,2625,4312.5
RSKB,4,4,0.3874,6468.75,3281.25,3187.5
RSKB,10,4,0.8827,8718.75,2531.25,6187.5
RSKB,11,5,1.2109,6937.5,2156.25,4781.25
RSKB,5,2,0.5266,6000,2437.5,3562.5
RSKB,6,2,0.5857,6000,2343.75,3656.25
RSKB,4,2,0.4247,7312.5,2531.25,4781.25
RSKB,5,2,0.4919,6187.5,2437.5,3750
RSKB,4,2,0.4289,5437.5,2531.25,2906.25
RSKB,5,2,0.4713,5437.5,2343.75,3093.75
RSKB,5,2,0.4828,5812.5,2531.25,3281.25
RSKB,5,3,0.7696,6187.5,2156.25,4031.25
RSKB,9,6,0.8411,6281.25,2156.25,4125
RSKB,9,6,1.2172,6750,2062.5,4687.5
RSKB,5,3,0.5447,6843.75,2062.5,4781.25
RSKB,5,3,0.5622,6562.5,1968.75,4593.75
RSKB,5,3,0.5562,4125,2062.5,2062.5
RSKB,5,3,0.5891,5156.25,2156.25,3000
RSKB,5,3,0.5766,6000,2062.5,3937.5
RSKB,5,3,0.563,6281.25,2437.5,3843.75
RSKB,5,3,0.5695,5531.25,2625,2906.25
UB6,4,2,0.3651,5812.5,2437.5,3375
UB7,6,2,0.5689,5625,2062.5,3562.5
UB8,22,11,2.2966,6375,2156.25,4218.75
UB9,4,1,0.2549,5812.5,4218.75,1593.75
UB10,3,1,0.1257,5718.75,4593.75,1125
UB11,7,5,0.6356,6093.75,2906.25,3187.5
UB12,8,5,0.7465,6468.75,3000,3468.75
UB13,7,5,0.6103,6656.25,2906.25,3750
UB14,7,5,0.622,6843.75,2906.25,3937.5
UB15,6,2,0.6444,5156.25,2437.5,2718.75
UB16,6,2,0.6042,5250,2250,3000
UB17,7,3,0.7962,7875,2250,5625
UB18,8,5,0.9774,6656.25,2906.25,3750
UB19,11,5,1.2068,7125,2437.5,4687.5
UB20,13,5,1.3982,7031.25,2531.25,4500
UB21,8,4,1.2082,5906.25,2531.25,3375
UB22,5,2,0.4729,5812.5,2625,3187.5
UB23,5,2,0.4936,6000,2250,3750
UB24,5,2,0.4774,5531.25,2250,3281.25
UB25,4,2,0.348,5531.25,3187.5,2343.75
UB26,5,2,0.4801,5718.75,2437.5,3281.25
UB27,4,2,0.3211,5531.25,3093.75,2437.5
UB28,4,2,0.2954,6562.5,3187.5,3375
UB29,5,2,0.4465,5812.5,2343.75,3468.75
UB30,4,2,0.2881,5718.75,3187.5,2531.25
UB31,4,2,0.3055,5625,3187.5,2437.5
UB32,5,2,0.471,5718.75,2343.75,3375
UB33,6,3,0.6634,5343.75,2062.5,3281.25
UB34,6,3,0.586,4968.75,2156.25,2812.5
UB35,6,3,0.6687,5625,2062.5,3562.5
UB36,5,2,0.4785,6187.5,2437.5,3750
UB37,5,2,0.4552,5531.25,2625,2906.25
UB38,4,2,0.3448,5718.75,3093.75,2625
UB39,5,2,0.4683,7125,2625,4500
UB40,5,2,0.4615,5718.75,2625,3093.75
UB41,5,2,0.4881,5625,2343.75,3281.25
UB42,5,2,0.4725,5343.75,2625,2718.75
UB43,5,2,0.5206,5625,2625,3000
UB44,8,4,1.2898,6281.25,2250,4031.25
UB45,5,2,0.4228,5812.5,2343.75,3468.75
UB46,5,2,0.4294,5062.5,2437.5,2625
UB47,5,2,0.4347,5812.5,2343.75,3468.75
UB48,5,2,0.4578,6281.25,2156.25,4125
UB49,5,2,0.4334,5156.25,2343.75,2812.5
UB50,5,2,0.3736,5437.5,2437.5,3000
UB51,5,2,0.4655,6281.25,2437.5,3843.75
UB52,3,3,0.3275,6093.75,2156.25,3937.5
UB53,14,7,1.516,6375,2062.5,4312.5
UB54,14,5,1.2432,5906.25,2062.5,3843.75
UB55,7,4,0.6466,6187.5,2156.25,4031.25
YSBB,6,3,0.7985,7875,2250,5625
YSBB,4,2,0.4368,5625,2156.25,3468.75
YSBB,4,2,0.3906,6468.75,2062.5,4406.25
YSBB,7,3,0.644,7031.25,2718.75,4312.5
YSBB,7,4,0.9544,5906.25,1968.75,3937.5
YSBB,7,4,0.993,6375,2156.25,4218.75
YSBB,7,4,0.9701,6562.5,2062.5,4500
YSBB,7,4,0.9665,6187.5,2062.5,4125
YSBB,7,4,0.9278,5906.25,2062.5,3843.75
YSBB,7,4,0.9587,6000,2156.25,3843.75
YSBB,7,4,0.973,6093.75,1968.75,4125
YSBB,7,4,0.9619,5812.5,2062.5,3750
YSBB,7,4,0.9736,5718.75,2062.5,3656.25
YSBB,6,3,0.5656,5062.5,2062.5,3000
YSBB,6,3,0.7314,7593.75,2062.5,5531.25
YSBB,6,3,0.5665,6843.75,2156.25,4687.5
YSBB,5,3,0.561,7500,2250,5250
YSBB,5,3,0.4359,5625,2156.25,3468.75
YSBB,5,3,0.6438,7406.25,2343.75,5062.5
YSBB,6,1,0.4649,6656.25,3656.25,3000
YSBB,3,3,0.424,5437.5,2531.25,2906.25
YSBB,3,3,0.4127,5250,2156.25,3093.75
YSBB,3,2,0.3459,6468.75,2906.25,3562.5
YSBB,1,1,0.2325,6468.75,3937.5,2531.25
YSBB,3,3,0.4132,5343.75,2718.75,2625
YSBB,3,3,0.4212,6937.5,2531.25,4406.25
YSBB,1,1,0.1453,7406.25,3562.5,3843.75
YSBB,7,4,0.7017,6562.5,2156.25,4406.25
YSBB,7,4,0.7817,7312.5,2062.5,5250
YSBB,7,4,0.7116,6750,2156.25,4593.75
YSBB,7,4,0.732,7312.5,2156.25,5156.25
YSBB,8,3,0.6158,8437.5,2250,6187.5
YSBB,5,3,0.4369,5531.25,2156.25,3375
YSBB,7,4,0.769,7500,2437.5,5062.5
YSBB,6,3,0.4617,5718.75,2250,3468.75
YSBB,7,4,0.7579,6468.75,2062.5,4406.25
YSBB,5,3,0.4394,5812.5,2812.5,3000
YSBB,1,1,0.0684,6187.5,3000,3187.5
YSBB,8,3,0.6219,6187.5,2156.25,4031.25
YSBB,5,2,0.571,7687.5,3000,4687.5
YSBB,11,5,1.1865,6750,2156.25,4593.75
YSBB,10,5,1.052,7218.75,2531.25,4687.5
YSBB,9,4,0.7103,6656.25,2531.25,4125
YSBB,9,4,0.7405,6468.75,2250,4218.75
YSBB,9,4,0.7104,6281.25,2343.75,3937.5
YSBB,9,4,0.7376,6187.5,2062.5,4125
YSBB,10,5,0.9629,6562.5,2437.5,4125
YSBB,9,5,0.7619,6937.5,2531.25,4406.25
YSBB,10,5,1.4401,8062.5,2156.25,5906.25
YSBB,10,5,1.4052,7031.25,2250,4781.25
WSRO,7,4,0.6694,6468.75,2062.5,4406.25
WSRO,8,4,0.8711,7500,2062.5,5437.5
WSRO,3,3,0.4098,5062.5,2343.75,2718.75
WSRO,4,3,0.3881,6562.5,2062.5,4500
WSRO,4,3,0.542,7218.75,2062.5,5156.25
WSRO,4,3,0.5101,6562.5,1968.75,4593.75
WSRO,4,3,0.525,6281.25,2062.5,4218.75
WSRO,4,3,0.5834,6468.75,2062.5,4406.25
WSRO,4,3,0.5678,6187.5,2062.5,4125
WSRO,4,3,0.5365,7031.25,2062.5,4968.75
WSRO,4,3,0.5296,6468.75,2156.25,4312.5
WSRO,4,3,0.6329,6937.5,2062.5,4875
WSRO,5,2,0.3339,6187.5,2156.25,4031.25
WSRO,5,2,0.3584,5906.25,2156.25,3750
WSRO,6,2,0.42,6562.5,2062.5,4500
WSRO,5,2,0.3706,7218.75,2062.5,5156.25
WSRO,5,2,0.3273,6656.25,2343.75,4312.5
WSRO,15,8,1.8393,6750,2062.5,4687.5
WSRO,4,1,0.2995,5062.5,3000,2062.5
WSRO,3,1,0.226,7031.25,5062.5,1968.75
WSRO,7,4,0.7227,6843.75,2062.5,4781.25
WSRO,5,3,0.7746,5531.25,2250,3281.25
WSRO,3,2,0.3574,4875,2718.75,2156.25
WSRO,1,1,0.1632,6468.75,2718.75,3750
WSRO,1,1,0.2158,5812.5,5062.5,750
WSRO,1,1,0.1007,5062.5,2250,2812.5
WSRO,2,2,0.4213,5062.5,2156.25,2906.25
WSRO,8,4,0.7814,6937.5,2343.75,4593.75
WSRO,8,4,0.7528,7031.25,2437.5,4593.75
WSRO,8,4,0.3733,7031.25,2343.75,4687.5
WSRO,1,1,0.08,5812.5,3375,2437.5
WSRO,2,1,0.1088,4406.25,4031.25,375
WSRO,2,1,0.1617,5625,2437.5,3187.5
WSRO,4,2,0.4011,6656.25,2437.5,4218.75
WSRO,4,2,0.508,6468.75,2531.25,3937.5
WSRO,4,2,0.4618,6187.5,2437.5,3750
WSRO,4,2,0.4957,6468.75,2343.75,4125
WSRO,4,2,0.5089,6093.75,2531.25,3562.5
WSRO,5,3,0.5789,6093.75,2437.5,3656.25
WSRO,4,2,0.5319,6000,2531.25,3468.75
WSRO,5,2,0.3998,7406.25,2062.5,5343.75
WSRO,8,4,1.0203,6375,2156.25,4218.75
WSRO,5,2,0.4131,7031.25,2625,4406.25
WSRO,6,2,0.4657,7218.75,2812.5,4406.25
WSRO,6,2,0.304,6093.75,2156.25,3937.5
WSRO,5,2,0.4063,6093.75,3000,3093.75
WSRO,6,2,0.4754,6562.5,2718.75,3843.75
WSRO,5,4,0.7547,5906.25,2062.5,3843.75
WSRO,12,5,1.559,7125,2250,4875
WSRO,7,4,1.0718,6281.25,2062.5,4218.75
MSWY,9,4,0.9923,5625,2062.5,3562.5
MSWY,10,6,1.2199,6000,2156.25,3843.75
MSWY,9,3,0.6707,5718.75,2812.5,2906.25
MSWY,6,4,0.1798,6843.75,2156.25,4687.5
MSWY,9,3,0.6962,5625,2906.25,2718.75
MSWY,4,2,0.2176,6093.75,2156.25,3937.5
MSWY,4,2,0.516,6281.25,2437.5,3843.75
MSWY,6,5,0.7018,6750,2062.5,4687.5
MSWY,10,4,0.4563,5531.25,2625,2906.25
MSWY,4,2,0.5184,5906.25,2531.25,3375
MSWY,6,4,0.6425,6750,2062.5,4687.5
MSWY,8,4,0.936,5343.75,2250,3093.75
MSWY,6,3,0.5811,6187.5,2062.5,4125
MSWY,5,3,0.4857,5718.75,2156.25,3562.5
MSWY,4,2,0.5385,5718.75,2156.25,3562.5
MSWY,5,3,0.5039,6000,2156.25,3843.75
MSWY,6,3,0.6521,6000,2343.75,3656.25
MSWY,6,3,0.7004,5906.25,2156.25,3750
MSWY,6,3,0.7055,8437.5,2625,5812.5
MSWY,9,4,1.0359,5718.75,2250,3468.75
MSWY,6,3,0.8679,6843.75,3000,3843.75
MSWY,9,4,1.0055,5625,2250,3375
MSWY,6,3,0.8744,6187.5,2250,3937.5
MSWY,9,4,0.9967,5625,2156.25,3468.75
MSWY,9,4,0.9949,5812.5,2156.25,3656.25
MSWY,4,2,0.4857,5437.5,2437.5,3000
MSWY,4,2,0.456,5531.25,2343.75,3187.5
MSWY,7,3,0.456,7875,2156.25,5718.75
MSWY,4,3,0.4839,5812.5,2250,3562.5
MSWY,6,3,0.6991,5156.25,2062.5,3093.75
MSWY,8,3,0.6929,6187.5,2156.25,4031.25
MSWY,10,3,0.7006,5625,2437.5,3187.5
MSWY,3,2,0.3385,5625,2156.25,3468.75
MSWY,9,4,0.6285,6281.25,3187.5,3093.75
MSWY,3,3,0.3391,5531.25,2625,2906.25
MSWY,11,5,0.9573,6281.25,3000,3281.25
MSWY,10,4,0.6659,5531.25,2156.25,3375
MSWY,10,4,0.7192,5812.5,2437.5,3375
MSWY,10,3,0.7077,5437.5,2812.5,2625
MSWY,17,6,1.6566,6281.25,2437.5,3843.75
MSWY,6,4,0.7115,6750,2156.25,4593.75
MSWY,10,4,0.9133,6843.75,2250,4593.75
MSWY,10,4,0.9917,6468.75,2343.75,4125
MSWY,10,4,1.015,7218.75,2062.5,5156.25
MSWY,10,3,0.7259,5718.75,2812.5,2906.25
MSWY,10,4,0.691,5906.25,2343.75,3562.5
MSWY,9,4,0.6091,6843.75,3093.75,3750
MSWY,10,4,0.7386,5718.75,2062.5,3656.25
MSWY,5,4,1.1549,7312.5,2250,5062.5
MSWY,5,4,1.1206,5156.25,2531.25,2625
MSGY,10,4,0.9208,6187.5,2437.5,3750
MSGY,9,6,0.7849,6468.75,2062.5,4406.25
MSGY,10,4,0.8888,6375,2437.5,3937.5
MSGY,10,4,0.8618,6562.5,2250,4312.5
MSGY,3,2,0.4174,5625,2156.25,3468.75
MSGY,5,2,0.4229,5062.5,2625,2437.5
MSGY,17,7,1.4534,6750,2250,4500
MSGY,11,4,1.3781,7500,1593.75,5906.25
MSGY,5,2,0.5193,8250,2156.25,6093.75
MSGY,6,3,0.4505,5343.75,2250,3093.75
MSGY,8,5,0.8962,6375,2250,4125
MSGY,2,2,0.3214,5625,3000,2625
MSGY,7,3,0.5767,6750,2250,4500
MSGY,9,4,0.9307,8812.5,2250,6562.5
MSGY,10,5,1.0998,9281.25,1968.75,7312.5
MSGY,9,4,1.113,6093.75,2156.25,3937.5
MSGY,5,3,0.6032,5812.5,2156.25,3656.25
MSGY,6,3,0.5935,5437.5,2812.5,2625
MSGY,2,2,0.3263,5531.25,3375,2156.25
MSGY,7,2,0.5592,6937.5,2250,4687.5
MSGY,6,3,0.6333,6281.25,2343.75,3937.5
MSGY,5,3,0.6358,5812.5,2343.75,3468.75
MSGY,2,2,0.3324,5625,3468.75,2156.25
MSGY,9,4,0.9599,6187.5,2250,3937.5
MSGY,5,2,0.3114,5531.25,3000,2531.25
MSGY,3,2,0.3505,7031.25,2437.5,4593.75
MSGY,9,4,0.9701,6468.75,2531.25,3937.5
MSGY,5,3,0.6366,5250,2531.25,2718.75
MSGY,8,4,0.8604,6375,2437.5,3937.5
MSGY,11,5,0.9453,5625,2250,3375
MSGY,6,3,0.5927,5718.75,2437.5,3281.25
MSGY,5,3,0.5656,6000,2437.5,3562.5
MSGY,11,6,1.2367,7218.75,2062.5,5156.25
MSGY,5,3,0.6629,7312.5,2250,5062.5
MSGY,4,3,0.5522,5343.75,3281.25,2062.5
MSGY,4,3,0.5738,5718.75,3000,2718.75
MSGY,4,3,0.529,5437.5,2812.5,2625
MSGY,6,2,0.4402,6000,2531.25,3468.75
MSGY,5,2,0.7109,6375,2718.75,3656.25
MSGY,10,4,0.7426,4875,2156.25,2718.75
MSGY,10,4,0.6162,6093.75,2250,3843.75
MSGY,4,2,0.6451,6468.75,2531.25,3937.5
MSGY,4,3,0.6827,6375,4031.25,2343.75
MSGY,11,4,0.8886,7031.25,2437.5,4593.75
MSGY,5,3,0.5614,6843.75,2437.5,4406.25
MSGY,8,3,0.6112,7312.5,2250,5062.5
MSGY,5,,0.6181,5343.75,2343.75,3000
MSGY,5,3,0.652,5250,2906.25,2343.75
MSGY,11,5,0.8852,5156.25,2250,2906.25
MSGY,4,3,0.5263,5812.5,2343.75,3468.75
BBMS,8,5,1.2066,6000,2718.75,3281.25
BBMS,5,3,0.474,6375,3187.5,3187.5
BBMS,6,3,0.5867,6187.5,2250,3937.5
BBMS,4,2,0.4933,6093.75,2250,3843.75
BBMS,1,1,0.091,4593.75,2062.5,2531.25
BBMS,5,2,0.6117,5906.25,2531.25,3375
BBMS,4,1,0.2153,3750,2062.5,1687.5
BBMS,1,1,0.0707,4312.5,2718.75,1593.75
BBMS,1,1,0.0886,4781.25,2062.5,2718.75
BBMS,1,1,0.1225,6187.5,3375,2812.5
BBMS,5,3,0.4804,7125,2718.75,4406.25
BBMS,4,1,0.2239,5718.75,3843.75,1875
BBMS,1,1,0.1359,4312.5,1968.75,2343.75
BBMS,7,3,0.6169,6187.5,2156.25,4031.25
BBMS,6,3,0.4389,6375,2718.75,3656.25
BBMS,6,2,0.4657,5812.5,2343.75,3468.75
BBMS,6,3,0.5902,6000,2156.25,3843.75
BBMS,6,2,0.4591,6093.75,2250,3843.75
BBMS,3,3,0.8043,5718.75,2343.75,3375
BBMS,11,3,0.8752,6093.75,2250,3843.75
BBMS,4,2,0.3104,4968.75,2156.25,2812.5
BBMS,10,4,0.8145,6843.75,2343.75,4500
BBMS,9,4,0.7507,7031.25,2156.25,4875
BBMS,8,3,0.6075,5531.25,2718.75,2812.5
BBMS,6,2,0.3891,4968.75,2718.75,2250
BBMS,8,3,0.6192,5531.25,2812.5,2718.75
BBMS,8,4,0.7417,6843.75,2156.25,4687.5
BBMS,8,3,0.6431,5531.25,2906.25,2625
BBMS,7,3,0.2872,4968.75,2156.25,2812.5
BBMS,8,3,0.6089,5531.25,3468.75,2062.5
BBMS,10,2,0.4988,5156.25,2437.5,2718.75
BBMS,3,1,0.1709,3843.75,2437.5,1406.25
BBMS,7,2,0.4026,5343.75,2718.75,2625
BBMS,5,3,0.6284,5718.75,2250,3468.75
BBMS,6,4,0.5899,5906.25,2062.5,3843.75
BBMS,10,4,0.8817,6750,2718.75,4031.25
BBMS,5,3,0.6289,5906.25,2250,3656.25
BBMS,6,4,0.6137,5812.5,2062.5,3750
BBMS,13,5,1.1289,6843.75,2437.5,4406.25
BBMS,5,3,0.6454,5531.25,2343.75,3187.5
BBMS,10,4,0.8913,6000,2062.5,3937.5
BBMS,3,3,0.3677,5718.75,2062.5,3656.25
BBMS,5,3,0.7282,5156.25,2156.25,3000
BBMS,7,2,0.4086,5156.25,2718.75,2437.5
BBMS,5,3,0.7451,4406.25,2250,2156.25
BBMS,6,4,0.6391,6000,1968.75,4031.25
BBMS,6,3,0.4419,7500,3750,3750
BBMS,4,3,0.4699,6187.5,2718.75,3468.75
BBMS,9,2,0.497,5437.5,2906.25,2531.25
BBMS,5,3,0.5988,5625,2250,3375
BOSK,6,3,0.6161,6281.25,2437.5,3843.75
BOSK,9,4,0.7274,6093.75,2343.75,3750
BOSK,6,3,0.5624,6468.75,2812.5,3656.25
BOSK,4,2,0.2926,5625,3187.5,2437.5
BOSK,1,1,0.146,6000,4218.75,1781.25
BOSK,3,1,0.1932,5812.5,3750,2062.5
BOSK,3,1,0.1856,4218.75,2718.75,1500
BOSK,5,2,0.3155,4781.25,3000,1781.25
BOSK,3,1,0.1899,5625,3750,1875
BOSK,9,2,0.3297,6281.25,3562.5,2718.75
BOSK,10,2,0.3563,6187.5,2812.5,3375
BOSK,9,4,0.3214,6375,2343.75,4031.25
BOSK,9,2,0.359,5437.5,3281.25,2156.25
BOSK,6,3,0.6921,6187.5,2062.5,4125
BOSK,10,2,0.3612,5531.25,3093.75,2437.5
BOSK,10,2,0.3662,5906.25,3093.75,2812.5
BOSK,6,3,0.6441,6562.5,2062.5,4500
BOSK,6,3,0.6139,6375,2343.75,4031.25
BOSK,10,2,0.3504,6187.5,3000,3187.5
BOSK,10,2,0.3381,5718.75,2906.25,2812.5
BOSK,9,2,0.3406,5531.25,3281.25,2250
BOSK,13,4,0.7057,6562.5,2625,3937.5
BOSK,5,1,0.4037,6656.25,3468.75,3187.5
BOSK,4,1,0.1958,3562.5,2437.5,1125
BOSK,5,3,0.5062,5343.75,2156.25,3187.5
BOSK,6,4,0.6475,6187.5,2531.25,3656.25
BOSK,10,5,1.2485,7406.25,2062.5,5343.75
BOSK,9,5,0.883,6562.5,2437.5,4125
BOSK,3,2,0.2504,5250,2625,2625
BOSK,4,2,0.4142,6000,2812.5,3187.5
BOSK,4,2,0.3963,6937.5,3000,3937.5
BOSK,5,3,0.6068,7031.25,2062.5,4968.75
BOSK,6,3,0.5536,7500,2156.25,5343.75
BOSK,5,3,0.6087,6375,2062.5,4312.5
BOSK,7,3,0.616,7593.75,2250,5343.75
BOSK,5,3,0.6126,6843.75,1968.75,4875
BOSK,9,4,0.7434,7218.75,2437.5,4781.25
BOSK,6,3,0.6277,6000,2625,3375
BOSK,3,1,0.0886,6468.75,4593.75,1875
BOSK,3,1,0.1366,7031.25,3375,3656.25
BOSK,5,3,0.6253,7031.25,2062.5,4968.75
BOSK,9,4,0.7219,6937.5,2437.5,4500
BOSK,5,3,0.6123,6750,2062.5,4687.5
BOSK,8,4,0.8249,6843.75,2343.75,4500
BOSK,6,3,0.5695,5906.25,2156.25,3750
BOSK,12,4,0.833,5531.25,2531.25,3000
BOSK,8,4,0.8874,5812.5,2250,3562.5
BOSK,8,4,0.853,5625,2156.25,3468.75
BOSK,4,4,0.7175,5250,2343.75,2906.25
BOSK,16,9,1.7919,6000,2156.25,3843.75
BSRO,5,4,0.5833,5906.25,2062.5,3843.75
BSRO,6,3,0.7144,6093.75,2156.25,3937.5
BSRO,6,3,0.7555,6093.75,2437.5,3656.25
BSRO,6,3,0.715,6093.75,2437.5,3656.25
BSRO,7,3,0.6238,5625,2437.5,3187.5
BSRO,4,2,0.3894,5062.5,2062.5,3000
BSRO,2,1,0.1925,6000,2625,3375
BSRO,7,3,0.6338,5625,2531.25,3093.75
BSRO,5,2,0.4686,5906.25,2437.5,3468.75
BSRO,2,2,0.3966,6375,3656.25,2718.75
BSRO,5,3,0.622,7406.25,2156.25,5250
BSRO,7,3,0.6045,5718.75,2343.75,3375
BSRO,5,4,0.6221,5718.75,1968.75,3750
BSRO,6,3,0.7178,6000,2531.25,3468.75
BSRO,7,3,0.623,5812.5,2437.5,3375
BSRO,6,3,0.7274,5906.25,2437.5,3468.75
BSRO,7,3,0.6571,6281.25,2250,4031.25
BSRO,5,4,0.6275,5812.5,2062.5,3750
BSRO,5,4,0.6427,5718.75,2156.25,3562.5
BSRO,7,3,0.6494,6375,2531.25,3843.75
BSRO,5,3,0.4303,6468.75,2250,4218.75
BSRO,14,9,2.8739,7968.75,2250,5718.75
BSRO,4,2,0.4811,6468.75,2718.75,3750
BSRO,6,3,0.6923,6375,2343.75,4031.25
BSRO,6,3,0.7366,6187.5,2437.5,3750
BSRO,2,1,0.1466,5625,3000,2625
BSRO,12,4,1.4056,7406.25,2156.25,5250
BSRO,13,4,1.2111,6562.5,2062.5,4500
BSRO,13,4,1.2072,7500,2062.5,5437.5
BSRO,13,4,1.2243,7687.5,2156.25,5531.25
BSRO,7,5,1.1543,9187.5,2718.75,6468.75
BSRO,6,2,0.7133,6281.25,2156.25,4125
BSRO,9,5,1.4601,7218.75,2250,4968.75
BSRO,2,1,0.1317,6000,4875,1125
BSRO,6,2,0.694,6187.5,2156.25,4031.25
BSRO,13,4,1.268,7500,2156.25,5343.75
BSRO,3,2,0.7209,6750,2718.75,4031.25
BSRO,13,4,1.2255,6656.25,2156.25,4500
BSRO,1,1,0.1522,5531.25,3843.75,1687.5
BSRO,4,3,0.6538,8062.5,2906.25,5156.25
BSRO,7,3,1.212,6937.5,2343.75,4593.75
BSRO,6,2,0.753,6000,2343.75,3656.25
BSRO,13,4,1.2422,7031.25,2062.5,4968.75
BSRO,6,2,0.7716,6093.75,2343.75,3750
BSRO,1,1,0.1611,7218.75,3187.5,4031.25
BSRO,4,3,0.6816,6656.25,2718.75,3937.5
BSRO,6,2,0.712,6281.25,2062.5,4218.75
BSRO,1,1,0.1573,6468.75,3000,3468.75
BSRO,13,4,1.3813,7218.75,2250,4968.75
BSRO,7,5,1.2772,6375,2156.25,4218.75
GSBM,6,5,0.6933,6000,2718.75,3281.25
GSBM,6,3,0.5673,6000,2062.5,3937.5
GSBM,9,6,1.2775,6375,2156.25,4218.75
GSBM,3,3,0.844,6093.75,2156.25,3937.5
GSBM,32,18,4.4123,7406.25,2062.5,5343.75
GSBM,17,6,1.8697,7031.25,2062.5,4968.75
GSBM,5,4,0.988,7781.25,2062.5,5718.75
GSBM,3,3,0.7362,7500,2156.25,5343.75
GSBM,10,5,1.3224,7500,2062.5,5437.5
GSBM,17,8,1.7869,7031.25,2062.5,4968.75
GSBM,5,2,0.4992,5437.5,2437.5,3000
GSBM,5,4,1.1108,6093.75,2062.5,4031.25
GSBM,21,10,2.8233,6375,1968.75,4406.25
GSBM,5,4,1.0294,6468.75,2343.75,4125
GSBM,15,9,1.8373,8531.25,2062.5,6468.75
GSBM,15,8,1.9155,7968.75,2156.25,5812.5
GSBM,5,2,0.5076,5531.25,2437.5,3093.75
GSBM,6,5,1.411,6187.5,2062.5,4125
GSBM,5,2,0.5082,5531.25,2343.75,3187.5
GSBM,38,18,4.5679,8718.75,2062.5,6656.25
GSBM,17,9,2.2182,8437.5,2062.5,6375
GSBM,38,23,6.7752,8718.75,1968.75,6750
GSBM,7,5,0.9555,6375,2906.25,3468.75
GSBM,16,8,1.9187,8812.5,2250,6562.5
GSBM,12,7,1.912,7406.25,2156.25,5250
GSBM,9,7,1.7343,9937.5,2250,7687.5
GSBM,5,4,0.996,9375,2062.5,7312.5
GSBM,26,14,3.8265,9468.75,1968.75,7500
GSBM,18,11,2.7184,8625,2062.5,6562.5
GSBM,16,9,2.0748,9000,2156.25,6843.75
GSBM,2,2,0.3422,8062.5,2156.25,5906.25
GSBM,10,5,1.3197,8718.75,2250,6468.75
GSBM,6,4,1.0008,9562.5,2062.5,7500
GSBM,7,5,0.9762,8062.5,2062.5,6000
GSBM,32,16,3.612,9562.5,2062.5,7500
GSBM,8,5,1.3327,9000,2062.5,6937.5
GSBM,13,8,2.0536,7875,2062.5,5812.5
GSBM,1,1,0.071,6656.25,2718.75,3937.5
GSBM,7,6,1.6745,9750,2062.5,7687.5
GSBM,6,4,0.9002,9000,2812.5,6187.5
GSBM,1,1,0.138,9843.75,5343.75,4500
GSBM,1,1,0.129,9843.75,3843.75,6000
GSBM,6,4,1.2228,8625,2437.5,6187.5
GSBM,12,6,2.0297,7406.25,2062.5,5343.75
GSBM,2,2,0.3663,8062.5,2718.75,5343.75
GSBM,5,3,0.6344,5531.25,3000,2531.25
GSBM,4,3,0.5132,9656.25,2343.75,7312.5
GSBM,5,3,0.5701,5343.75,2718.75,2625
GSBM,11,4,1.1982,8812.5,2531.25,6281.25
GSBM,3,3,0.2757,8250,2343.75,5906.25
GWOS,5,3,0.7102,6750,2531.25,4218.75
GWOS,4,1,0.2989,8437.5,6000,2437.5
GWOS,2,1,0.1872,9187.5,2343.75,6843.75
GWOS,5,1,0.2207,6750,3281.25,3468.75
GWOS,7,2,0.6269,6656.25,2062.5,4593.75
GWOS,4,2,0.4659,6656.25,2156.25,4500
GWOS,4,1,0.385,8062.5,2812.5,5250
GWOS,3,2,0.4599,9468.75,2718.75,6750
GWOS,1,1,0.046,6843.75,4968.75,1875
GWOS,7,2,0.3799,5062.5,3000,2062.5
GWOS,4,2,0.4491,8156.25,2625,5531.25
GWOS,3,1,0.1923,8531.25,3656.25,4875
GWOS,4,2,0.4176,6281.25,2156.25,4125
GWOS,3,1,0.2801,7875,3093.75,4781.25
GWOS,5,3,0.6106,5625,2531.25,3093.75
GWOS,5,3,0.57,7968.75,1968.75,6000
GWOS,8,4,0.8282,8625,2062.5,6562.5
GWOS,8,3,0.924,6562.5,2062.5,4500
GWOS,6,2,0.4171,5156.25,3187.5,1968.75
GWOS,4,2,0.4534,8156.25,2812.5,5343.75
GWOS,4,1,0.3139,6656.25,3375,3281.25
GWOS,7,2,0.4844,7218.75,3093.75,4125
GWOS,3,1,0.2014,8156.25,4031.25,4125
GWOS,7,3,0.5589,7781.25,2437.5,5343.75
GWOS,3,1,0.1519,7218.75,3562.5,3656.25
GWOS,3,1,0.2288,5250,2625,2625
GWOS,3,1,0.3205,6750,3375,3375
GWOS,6,2,0.41,5531.25,2906.25,2625
GWOS,5,3,0.3692,5906.25,2062.5,3843.75
GWOS,5,3,0.6649,5625,2062.5,3562.5
GWOS,6,2,0.4108,5343.75,3093.75,2250
GWOS,6,2,0.4344,5531.25,2343.75,3187.5
GWOS,4,2,0.4456,8531.25,3281.25,5250
GWOS,6,2,0.4807,6937.5,2156.25,4781.25
GWOS,4,1,0.3215,8156.25,3656.25,4500
GWOS,4,1,0.3075,6750,3656.25,3093.75
GWOS,4,1,0.3147,6281.25,3281.25,3000
GWOS,6,2,0.4599,5531.25,2062.5,3468.75
GWOS,4,2,0.4457,9562.5,2625,6937.5
GWOS,8,3,0.6555,7031.25,2531.25,4500
GWOS,6,2,0.4824,6843.75,2156.25,4687.5
GWOS,7,2,0.5413,6843.75,2437.5,4406.25
GWOS,8,3,0.6646,6750,2718.75,4031.25
GWOS,8,3,0.6697,6656.25,2437.5,4218.75
GWOS,1,1,0.0739,6187.5,3562.5,2625
GWOS,6,3,0.6135,5531.25,2062.5,3468.75
GWOS,7,3,0.5944,7687.5,2156.25,5531.25
GWOS,6,3,0.7118,5906.25,2250,3656.25
GWOS,5,2,0.4709,6468.75,3375,3093.75
GWOS,5,2,0.5274,6375,2062.5,4312.5
KSWM,5,3,0.5719,5437.5,2437.5,3000
KSWM,11,8,1.7617,9187.5,2437.5,6750
KSWM,5,3,0.4983,5250,2250,3000
KSWM,4,3,0.5668,6187.5,2718.75,3468.75
KSWM,5,3,0.5109,5250,2343.75,2906.25
KSWM,5,3,0.5179,5812.5,2437.5,3375
KSWM,9,3,0.8561,6375,2531.25,3843.75
KSWM,6,3,0.6583,5156.25,2250,2906.25
KSWM,13,6,1.5554,6562.5,2437.5,4125
KSWM,7,4,0.777,6187.5,2156.25,4031.25
KSWM,4,4,0.4086,7312.5,2343.75,4968.75
KSWM,7,2,0.5912,5718.75,2625,3093.75
KSWM,6,3,0.6322,5156.25,2437.5,2718.75
KSWM,6,2,0.5283,6468.75,2437.5,4031.25
KSWM,1,1,0.0725,5531.25,3468.75,2062.5
KSWM,7,3,0.7018,6562.5,2531.25,4031.25
KSWM,6,2,0.5284,6750,2625,4125
KSWM,7,3,0.7227,5250,2625,2625
KSWM,7,3,0.7191,5343.75,2531.25,2812.5
KSWM,7,4,0.5942,6843.75,2250,4593.75
KSWM,7,4,0.7295,6843.75,2062.5,4781.25
KSWM,6,2,0.546,6843.75,2531.25,4312.5
KSWM,6,3,0.7878,5812.5,2343.75,3468.75
KSWM,7,2,0.611,6375,2625,3750
KSWM,6,3,0.6513,5156.25,2437.5,2718.75
KSWM,7,3,0.7386,6375,2531.25,3843.75
KSWM,6,4,0.5751,6656.25,2718.75,3937.5
KSWM,5,2,0.3834,5812.5,3000,2812.5
KSWM,7,2,0.6079,7312.5,2531.25,4781.25
KSWM,8,2,0.6717,5718.75,2625,3093.75
KSWM,8,2,0.6856,6375,2625,3750
KSWM,7,3,0.717,5156.25,2625,2531.25
KSWM,7,2,0.611,7031.25,2531.25,4500
KSWM,7,2,0.6107,5625,2625,3000
KSWM,6,3,0.611,5156.25,2625,2531.25
KSWM,7,2,0.6015,7125,2625,4500
KSWM,5,2,0.447,5250,2062.5,3187.5
KSWM,7,4,0.6004,6281.25,3093.75,3187.5
KSWM,6,2,0.5443,6281.25,2625,3656.25
KSWM,7,2,0.6451,5531.25,2625,2906.25
KSWM,5,2,0.4301,5531.25,3093.75,2437.5
KSWM,1,1,0.0824,6281.25,2250,4031.25
KSWM,7,2,0.7284,6468.75,2625,3843.75
KSWM,7,3,0.744,5437.5,2531.25,2906.25
KSWM,7,4,0.5559,6093.75,2343.75,3750
KSWM,6,3,0.8396,6750,2343.75,4406.25
KSWM,13,5,1.4623,7500,2343.75,5156.25
KSWM,9,2,0.7864,6187.5,2625,3562.5
KSWM,11,5,1.3193,6375,2812.5,3562.5
KSWM,7,4,0.7802,6187.5,2062.5,4125
KSWR,8,4,0.8102,6750,3093.75,3656.25
KSWR,10,5,1.079,6843.75,1968.75,4875
KSWR,5,3,0.5105,7218.75,2718.75,4500
KSWR,6,3,0.7089,6843.75,2156.25,4687.5
KSWR,6,3,0.6627,7500,2062.5,5437.5
KSWR,5,3,0.5656,7031.25,2812.5,4218.75
KSWR,9,4,0.9454,6281.25,2531.25,3750
KSWR,7,2,0.3712,6562.5,2437.5,4125
KSWR,6,3,0.6867,6000,2625,3375
KSWR,9,4,0.9072,5906.25,2531.25,3375
KSWR,6,3,0.7333,6000,2343.75,3656.25
KSWR,15,4,0.918,6937.5,2343.75,4593.75
KSWR,3,2,0.4342,7500,3187.5,4312.5
KSWR,9,4,0.9539,5906.25,2437.5,3468.75
KSWR,6,3,0.703,6468.75,2250,4218.75
KSWR,6,3,0.7298,6281.25,2062.5,4218.75
KSWR,4,2,0.448,5343.75,2812.5,2531.25
KSWR,6,2,0.5285,6000,2437.5,3562.5
KSWR,6,2,0.5835,6000,2531.25,3468.75
KSWR,6,2,0.673,6187.5,2437.5,3750
KSWR,6,4,0.964,6093.75,2531.25,3562.5
KSWR,10,4,0.7723,6750,2531.25,4218.75
KSWR,7,4,0.8341,5906.25,1968.75,3937.5
KSWR,7,4,0.8574,6093.75,2250,3843.75
KSWR,10,4,0.7807,6468.75,2531.25,3937.5
KSWR,10,4,0.7893,7406.25,2062.5,5343.75
KSWR,7,4,0.8705,6093.75,2156.25,3937.5
KSWR,4,3,0.6391,7406.25,3375,4031.25
KSWR,7,4,0.8383,6093.75,2250,3843.75
KSWR,10,4,0.7706,6750,2250,4500
KSWR,4,3,0.622,7500,3375,4125
KSWR,10,4,0.7802,7031.25,2250,4781.25
KSWR,6,2,0.7006,5906.25,2437.5,3468.75
KSWR,6,2,0.6033,6562.5,2250,4312.5
KSWR,7,4,0.8427,6281.25,2156.25,4125
KSWR,4,3,0.6215,7312.5,3281.25,4031.25
KSWR,7,4,0.8521,6843.75,2156.25,4687.5
KSWR,6,2,0.6916,7218.75,2062.5,5156.25
KSWR,10,4,0.7679,6562.5,2437.5,4125
KSWR,6,2,0.6771,6562.5,2156.25,4406.25
KSWR,6,2,0.6408,6000,2156.25,3843.75
KSWR,4,4,0.6758,7875,3281.25,4593.75
KSWR,6,2,0.7363,6093.75,2156.25,3937.5
KSWR,6,2,0.695,6468.75,2250,4218.75
KSWR,5,2,0.4087,6187.5,2062.5,4125
KSWR,7,4,0.8629,6375,2156.25,4218.75
KSWR,7,4,0.9018,6093.75,2250,3843.75
KSWR,6,2,0.6626,6093.75,2062.5,4031.25
KSWR,4,2,0.443,6093.75,2343.75,3750
KSWR,10,4,0.8018,7500,2250,5250
MOMS,2,2,0.3363,4968.75,2250,2718.75
MOMS,2,2,0.4417,9937.5,3843.75,6093.75
MOMS,1,1,0.1206,8718.75,2625,6093.75
MOMS,1,1,0.1488,7312.5,2625,4687.5
MOMS,9,4,1.0372,7687.5,2156.25,5531.25
MOMS,2,2,0.3484,4875,2156.25,2718.75
MOMS,3,3,0.7091,9281.25,2343.75,6937.5
MOMS,1,1,0.234,5437.5,3656.25,1781.25
MOMS,2,2,0.3459,4593.75,2343.75,2250
MOMS,10,4,1.0982,7968.75,2250,5718.75
MOMS,1,1,0.2372,8062.5,3562.5,4500
MOMS,1,1,0.1837,3843.75,2250,1593.75
MOMS,10,4,1.1451,7218.75,1968.75,5250
MOMS,2,2,0.3843,4593.75,2250,2343.75
MOMS,1,1,0.1834,4781.25,2250,2531.25
MOMS,9,4,1.0293,8062.5,1968.75,6093.75
MOMS,2,2,0.3429,4781.25,2156.25,2625
MOMS,3,3,0.6748,9000,2343.75,6656.25
MOMS,9,4,1.0753,7875,1968.75,5906.25
MOMS,2,2,0.3295,4312.5,2156.25,2156.25
MOMS,1,1,0.0934,8812.5,2718.75,6093.75
MOMS,1,1,0.0885,8437.5,2718.75,5718.75
MOMS,1,1,0.1683,4125,2343.75,1781.25
MOMS,10,4,1.1701,8156.25,2250,5906.25
MOMS,1,1,0.1546,6375,4406.25,1968.75
MOMS,3,3,0.7823,9562.5,2437.5,7125
MOMS,2,2,0.3171,4500,2250,2250
MOMS,3,3,0.6909,9468.75,2062.5,7406.25
MOMS,1,1,0.173,7593.75,2156.25,5437.5
MOMS,9,4,1.0601,6656.25,1968.75,4687.5
MOMS,2,2,0.3276,4875,2437.5,2437.5
MOMS,1,1,0.2481,5625,3937.5,1687.5
MOMS,2,2,0.4181,5625,3468.75,2156.25
MOMS,6,2,0.7427,9375,2250,7125
MOMS,2,2,0.1281,4687.5,2250,2437.5
MOMS,4,2,0.49,6281.25,4218.75,2062.5
MOMS,2,2,0.4822,6937.5,4218.75,2718.75
MOMS,5,2,0.5052,6656.25,1968.75,4687.5
MOMS,2,2,0.3162,4500,2343.75,2156.25
MOMS,10,4,1.098,7781.25,1968.75,5812.5
MOMS,1,1,0.2799,6562.5,3656.25,2906.25
MOMS,8,5,1.4379,6093.75,1968.75,4125
MOMS,7,5,1.2802,6375,2343.75,4031.25
MOMS,5,2,0.6275,9656.25,2437.5,7218.75
MOMS,2,2,0.3309,4687.5,2343.75,2343.75
MOMS,9,4,1.0661,7968.75,2250,5718.75
MOMS,2,2,0.1577,4875,2531.25,2343.75
MOMS,2,2,0.4571,9468.75,3843.75,5625
MOMS,10,4,1.1621,6750,2156.25,4593.75
MOMS,2,2,0.4427,9468.75,2437.5,7031.25
MSOO,8,3,0.8628,6093.75,2718.75,3375
MSOO,9,5,0.9025,6562.5,2062.5,4500
MSOO,10,4,0.8671,5718.75,2250,3468.75
MSOO,9,5,0.9205,6468.75,2250,4218.75
MSOO,6,2,0.5405,7125,2437.5,4687.5
MSOO,7,4,0.8463,6843.75,2250,4593.75
MSOO,9,5,0.9227,6656.25,2156.25,4500
MSOO,5,1,0.2567,4218.75,2437.5,1781.25
MSOO,10,5,1.236,7312.5,2156.25,5156.25
MSOO,4,2,0.3756,6093.75,2343.75,3750
MSOO,6,2,0.563,6843.75,3000,3843.75
MSOO,5,3,0.4236,7218.75,3000,4218.75
MSOO,4,2,0.3603,5625,2343.75,3281.25
MSOO,3,1,0.2807,3468.75,2156.25,1312.5
MSOO,5,1,0.2337,4593.75,2906.25,1687.5
MSOO,1,1,0.0822,6750,3562.5,3187.5
MSOO,6,2,0.4089,5343.75,2718.75,2625
MSOO,6,4,0.7186,6093.75,2343.75,3750
MSOO,9,5,0.0907,5812.5,2062.5,3750
MSOO,1,1,0.0633,6000,3562.5,2437.5
MSOO,9,5,0.8893,6375,2156.25,4218.75
MSOO,5,3,0.4406,6937.5,2718.75,4218.75
MSOO,3,1,0.2632,4312.5,2062.5,2250
MSOO,8,3,0.8267,7125,2625,4500
MSOO,5,4,0.4266,5812.5,2250,3562.5
MSOO,6,5,0.7661,5718.75,2250,3468.75
MSOO,7,2,0.4755,6750,2718.75,4031.25
MSOO,6,5,0.7564,5906.25,2625,3281.25
MSOO,6,2,0.5839,6843.75,2343.75,4500
MSOO,6,2,0.5643,7406.25,2718.75,4687.5
MSOO,8,3,0.8201,7031.25,2625,4406.25
MSOO,5,3,0.6743,4968.75,2531.25,2437.5
MSOO,6,2,0.4906,6000,2250,3750
MSOO,3,2,0.4012,6281.25,3656.25,2625
MSOO,4,2,0.4335,4875,2437.5,2437.5
MSOO,6,2,0.3479,5906.25,2343.75,3562.5
MSOO,4,2,0.4414,4875,2718.75,2156.25
MSOO,6,2,0.5182,5812.5,2343.75,3468.75
MSOO,8,4,0.8453,5625,2812.5,2812.5
MSOO,2,2,0.0691,4687.5,2531.25,2156.25
MSOO,5,3,0.6815,5906.25,2343.75,3562.5
MSOO,2,2,0.0892,4968.75,2437.5,2531.25
MSOO,9,5,1.1005,5718.75,2343.75,3375
MSOO,6,2,0.512,5812.5,2343.75,3468.75
MSOO,9,5,1.0749,5906.25,2437.5,3468.75
MSOO,6,2,0.5073,5718.75,2343.75,3375
MSOO,5,3,0.779,7125,1968.75,5156.25
MSOO,3,3,0.4223,6843.75,2343.75,4500
MSOO,2,2,0.2603,5250,2625,2625
MSOO,6,2,0.4913,5812.5,2437.5,3375
OBKS,8,3,0.6444,6093.75,2343.75,3750
OBKS,8,3,0.6092,6281.25,2437.5,3843.75
OBKS,8,3,0.6448,6187.5,2531.25,3656.25
OBKS,5,3,0.5511,5437.5,2250,3187.5
OBKS,6,3,0.6798,5531.25,2343.75,3187.5
OBKS,6,3,0.5993,5437.5,2062.5,3375
OBKS,5,2,0.5485,5718.75,2156.25,3562.5
OBKS,13,2,0.7492,5531.25,2625,2906.25
OBKS,5,1,0.4247,4687.5,3000,1687.5
OBKS,12,5,0.9809,7593.75,2156.25,5437.5
OBKS,5,2,0.5008,7125,2156.25,4968.75
OBKS,6,1,0.513,4687.5,2250,2437.5
OBKS,5,1,0.4123,4687.5,2906.25,1781.25
OBKS,1,1,0.2035,6656.25,3656.25,3000
OBKS,12,5,0.9279,7406.25,2062.5,5343.75
OBKS,13,5,0.965,7687.5,2156.25,5531.25
OBKS,4,1,0.2942,3656.25,2437.5,1218.75
OBKS,11,7,1.5616,7781.25,2156.25,5625
OBKS,5,2,0.6257,6750,2250,4500
OBKS,6,4,1.1233,7593.75,2250,5343.75
OBKS,4,2,0.4889,5062.5,3375,1687.5
OBKS,12,4,1.1153,6375,2343.75,4031.25
OBKS,6,3,0.8474,6375,2906.25,3468.75
OBKS,7,4,1.126,7406.25,2343.75,5062.5
OBKS,8,3,0.6355,5718.75,2062.5,3656.25
OBKS,7,4,1.0067,7125,2250,4875
OBKS,8,3,0.6729,5625,2343.75,3281.25
OBKS,9,3,0.6853,5718.75,2250,3468.75
OBKS,5,3,0.7922,7031.25,2156.25,4875
OBKS,3,2,0.4479,5437.5,3093.75,2343.75
OBKS,5,2,0.4469,6468.75,2156.25,4312.5
OBKS,8,3,0.6417,5812.5,2343.75,3468.75
OBKS,6,2,0.486,6656.25,2250,4406.25
OBKS,3,2,0.4178,4687.5,2343.75,2343.75
OBKS,1,1,0.2508,6750,3468.75,3281.25
OBKS,8,3,0.644,5718.75,2343.75,3375
OBKS,1,1,0.2631,6375,3562.5,2812.5
OBKS,8,3,0.6669,5718.75,2250,3468.75
OBKS,8,3,0.6411,5718.75,2343.75,3375
OBKS,9,3,0.7105,5906.25,2343.75,3562.5
OBKS,1,1,0.1604,5625,3375,2250
OBKS,4,3,0.8301,6375,2156.25,4218.75
OBKS,5,3,0.8856,6281.25,2156.25,4125
OBKS,8,3,0.6245,5531.25,2250,3281.25
OBKS,1,1,0.1706,5531.25,3281.25,2250
OBKS,3,1,0.2762,4593.75,3375,1218.75
OBKS,9,3,0.6428,5718.75,2343.75,3375
OBKS,3,1,0.2709,4875,3375,1500
OBKS,4,2,0.507,5062.5,2718.75,2343.75
OBKS,6,2,0.469,6656.25,2156.25,4500
OGBS,6,3,0.6085,6562.5,2437.5,4125
OGBS,4,3,0.4952,6093.75,2437.5,3656.25
OGBS,6,3,0.6529,6187.5,2437.5,3750
OGBS,2,2,0.3926,5437.5,2906.25,2531.25
OGBS,6,3,0.6516,6281.25,2437.5,3843.75
OGBS,2,2,0.3771,5625,2718.75,2906.25
OGBS,6,3,0.5434,7500,1968.75,5531.25
OGBS,2,2,0.3695,5437.5,2250,3187.5
OGBS,6,3,0.6521,6000,2437.5,3562.5
OGBS,2,2,0.2786,5812.5,2156.25,3656.25
OGBS,3,1,0.2163,5343.75,3468.75,1875
OGBS,2,2,0.3628,5718.75,3093.75,2625
OGBS,10,4,1.0855,6281.25,2156.25,4125
OGBS,6,3,0.6583,6093.75,2343.75,3750
OGBS,2,2,0.2863,5625,2156.25,3468.75
OGBS,2,2,0.3801,5625,3093.75,2531.25
OGBS,7,3,0.6879,7875,2062.5,5812.5
OGBS,6,2,0.4672,6468.75,2156.25,4312.5
OGBS,2,2,0.3658,5718.75,2906.25,2812.5
OGBS,10,4,1.0452,6468.75,2250,4218.75
OGBS,2,2,0.3785,5437.5,2437.5,3000
OGBS,4,2,0.4091,5437.5,2531.25,2906.25
OGBS,7,3,0.9781,6281.25,2156.25,4125
OGBS,4,2,0.4319,6187.5,2343.75,3843.75
OGBS,2,2,0.3981,5437.5,2906.25,2531.25
OGBS,2,2,0.2684,5718.75,2062.5,3656.25
OGBS,6,3,0.6795,6468.75,2625,3843.75
OGBS,6,3,0.6807,6187.5,2531.25,3656.25
OGBS,3,2,0.6866,5906.25,2062.5,3843.75
OGBS,7,3,0.9969,6000,2062.5,3937.5
OGBS,2,2,0.4049,5718.75,2718.75,3000
OGBS,2,2,0.3703,5531.25,2812.5,2718.75
OGBS,5,3,0.4768,7312.5,2531.25,4781.25
OGBS,5,3,0.5148,6750,2531.25,4218.75
OGBS,5,3,0.5289,6093.75,2156.25,3937.5
OGBS,4,3,0.4188,6843.75,2156.25,4687.5
OGBS,4,4,0.5073,6375,2156.25,4218.75
OGBS,5,3,0.5497,6000,2250,3750
OGBS,4,4,0.5038,5718.75,2156.25,3562.5
OGBS,5,3,0.5691,5062.5,2250,2812.5
OGBS,4,4,0.519,5812.5,2156.25,3656.25
OGBS,8,3,0.945,6843.75,2062.5,4781.25
OGBS,5,3,0.4894,8343.75,2812.5,5531.25
OGBS,7,3,0.9708,6656.25,2062.5,4593.75
OGBS,4,4,0.5,6468.75,2156.25,4312.5
OGBS,5,3,0.5481,4968.75,2437.5,2531.25
OGBS,5,3,0.5787,5437.5,2437.5,3000
OGBS,4,4,0.5055,5906.25,2156.25,3750
OGBS,4,4,0.5069,5906.25,2250,3656.25
OGBS,5,3,0.5668,4781.25,2343.75,2437.5
OSKR,9,5,1.0228,8531.25,2250,6281.25
OSKR,5,3,0.7073,6000,2250,3750
OSKR,6,2,0.516,7593.75,2062.5,5531.25
OSKR,1,1,0.1541,7781.25,2250,5531.25
OSKR,6,4,0.9127,6843.75,2250,4593.75
OSKR,6,4,1.0049,6468.75,2156.25,4312.5
OSKR,3,3,0.2774,4968.75,2343.75,2625
OSKR,6,2,0.5035,6281.25,3187.5,3093.75
OSKR,6,4,0.9174,7125,2062.5,5062.5
OSKR,10,5,0.9749,8250,2156.25,6093.75
OSKR,18,8,2.0618,7968.75,2156.25,5812.5
OSKR,18,8,2.2711,8156.25,2156.25,6000
OSKR,6,4,0.9837,7312.5,2250,5062.5
OSKR,5,3,0.5986,6468.75,2156.25,4312.5
OSKR,1,1,0.1003,7312.5,3468.75,3843.75
OSKR,5,4,1.0739,7312.5,2062.5,5250
OSKR,6,2,0.6241,8343.75,3468.75,4875
OSKR,7,2,0.6623,6562.5,2343.75,4218.75
OSKR,6,4,1.0021,7031.25,2437.5,4593.75
OSKR,6,4,0.975,6375,2343.75,4031.25
OSKR,6,4,0.9974,7312.5,2531.25,4781.25
OSKR,11,5,1.3153,7312.5,2250,5062.5
OSKR,8,6,0.7907,6562.5,2156.25,4406.25
OSKR,5,2,0.3968,6000,2062.5,3937.5
OSKR,8,6,0.7939,6750,2343.75,4406.25
OSKR,6,2,0.4662,6562.5,2343.75,4218.75
OSKR,6,2,0.4312,6562.5,2250,4312.5
OSKR,8,6,0.809,6375,2250,4125
OSKR,6,2,0.4613,6375,2343.75,4031.25
OSKR,6,3,0.5768,7500,2062.5,5437.5
OSKR,5,3,0.736,7312.5,2531.25,4781.25
OSKR,13,7,1.6824,7218.75,2062.5,5156.25
OSKR,8,5,0.8218,6562.5,2343.75,4218.75
OSKR,6,4,1.0513,7125,2531.25,4593.75
OSKR,6,2,0.473,6468.75,2437.5,4031.25
OSKR,8,5,0.8143,6562.5,2156.25,4406.25
OSKR,6,3,0.5985,7500,2156.25,5343.75
OSKR,6,2,0.4613,7968.75,2250,5718.75
OSKR,2,2,0.415,6468.75,2812.5,3656.25
OSKR,8,5,0.8029,6656.25,2343.75,4312.5
OSKR,6,2,0.4462,8156.25,2250,5906.25
OSKR,6,2,0.4605,6937.5,2250,4687.5
OSKR,6,2,0.4639,6187.5,2343.75,3843.75
OSKR,8,5,0.7883,6281.25,2156.25,4125
OSKR,8,5,0.7963,6468.75,2250,4218.75
OSKR,6,2,0.461,6468.75,2437.5,4031.25
OSKR,8,5,0.8095,6562.5,2250,4312.5
OSKR,8,5,1.3102,6281.25,2250,4031.25
OSKR,6,2,0.453,7406.25,2437.5,4968.75
OSKR,6,2,0.4646,6375,2250,4125
OSKW,13,9,1.3899,7968.75,2531.25,5437.5
OSKW,10,6,1.0119,8062.5,2625,5437.5
OSKW,13,9,1.371,7781.25,2531.25,5250
OSKW,8,4,0.931,5906.25,2156.25,3750
OSKW,14,9,1.6951,7218.75,2062.5,5156.25
OSKW,4,2,0.429,6187.5,2062.5,4125
OSKW,5,3,0.5034,7875,2250,5625
OSKW,5,3,0.5348,5718.75,2156.25,3562.5
OSKW,4,3,0.5684,5625,2250,3375
OSKW,16,7,1.8036,8250,2062.5,6187.5
OSKW,19,12,2.3086,7781.25,2062.5,5718.75
OSKW,3,3,0.4994,7218.75,2062.5,5156.25
OSKW,19,10,2.4323,8156.25,2156.25,6000
OSKW,5,3,0.5954,5437.5,2343.75,3093.75
OSKW,5,3,0.5345,7031.25,2156.25,4875
OSKW,19,12,2.2101,7875,1968.75,5906.25
OSKW,4,3,0.6587,5343.75,2156.25,3187.5
OSKW,12,6,1.4013,7593.75,2156.25,5437.5
OSKW,5,3,0.4959,6187.5,2531.25,3656.25
OSKW,18,12,2.3497,7312.5,2062.5,5250
OSKW,5,3,0.5351,5343.75,2062.5,3281.25
OSKW,4,3,0.6322,6656.25,2343.75,4312.5
OSKW,18,9,1.9889,7687.5,1968.75,5718.75
OSKW,8,4,0.9058,7500,2062.5,5437.5
OSKW,5,3,0.5035,7218.75,2343.75,4875
OSKW,5,3,0.5604,5250,2250,3000
OSKW,4,3,0.619,5531.25,2437.5,3093.75
OSKW,19,12,2.3657,7875,2062.5,5812.5
OSKW,4,3,0.5662,6468.75,2156.25,4312.5
OSKW,4,2,0.4178,7218.75,2250,4968.75
OSKW,6,3,0.067,7593.75,2062.5,5531.25
OSKW,4,3,0.5782,5437.5,2531.25,2906.25
OSKW,5,3,0.5271,5250,2250,3000
OSKW,4,3,0.6246,5718.75,2343.75,3375
OSKW,14,7,1.4819,8062.5,2062.5,6000
OSKW,4,3,0.6282,5531.25,2156.25,3375
OSKW,19,12,2.2238,7312.5,2062.5,5250
OSKW,5,3,0.5334,6093.75,2437.5,3656.25
OSKW,2,1,0.1419,3843.75,2156.25,1687.5
OSKW,4,3,0.6413,5812.5,2062.5,3750
OSKW,5,2,0.4436,5718.75,2156.25,3562.5
OSKW,9,4,0.9701,7031.25,2062.5,4968.75
OSKW,4,2,0.4188,6000,2250,3750
OSKW,8,4,0.9412,6562.5,2156.25,4406.25
OSKW,5,3,0.4945,7312.5,3093.75,4218.75
OSKW,7,4,0.8439,7218.75,2343.75,4875
OSKW,11,8,1.4119,6937.5,2250,4687.5
OSKW,5,3,0.456,7218.75,2718.75,4500
OSKW,10,3,1.0151,7500,3375,4125
OSKW,10,3,0.9953,7875,2531.25,5343.75
RBMS,10,5,0.8045,5906.25,2156.25,3750
RBMS,5,2,0.4601,6000,2343.75,3656.25
RBMS,4,2,0.6127,6468.75,2250,4218.75
RBMS,10,6,1.1716,6281.25,2250,4031.25
RBMS,6,2,0.6089,6093.75,2718.75,3375
RBMS,5,2,0.4194,6187.5,2718.75,3468.75
RBMS,4,2,0.5364,6187.5,2718.75,3468.75
RBMS,1,1,0.116,5437.5,3468.75,1968.75
RBMS,4,2,0.4006,5156.25,2437.5,2718.75
RBMS,4,2,0.3999,5250,2437.5,2812.5
RBMS,2,2,0.7157,6093.75,3187.5,2906.25
RBMS,4,2,0.4072,5250,2437.5,2812.5
RBMS,2,2,0.734,6656.25,2250,4406.25
RBMS,4,2,0.4163,5625,2343.75,3281.25
RBMS,4,3,0.5837,6281.25,2718.75,3562.5
RBMS,4,3,0.6253,6187.5,3187.5,3000
RBMS,2,2,0.7093,6375,3000,3375
RBMS,7,2,0.5864,6093.75,2718.75,3375
RBMS,7,2,0.558,9187.5,2343.75,6843.75
RBMS,5,2,0.5137,5718.75,2343.75,3375
RBMS,18,3,1.3686,5718.75,2531.25,3187.5
RBMS,5,2,0.5104,5812.5,2250,3562.5
RBMS,5,2,0.5261,5812.5,2625,3187.5
RBMS,7,5,1.1439,6937.5,2062.5,4875
RBMS,6,2,0.5302,6281.25,2718.75,3562.5
RBMS,5,2,0.5204,5812.5,2531.25,3281.25
RBMS,1,1,0.2645,5812.5,3375,2437.5
RBMS,1,1,0.4148,0.2711,5437.5,-5437.2289
RBMS,5,2,0.5339,5812.5,2812.5,3000
RBMS,1,1,0.0775,6187.5,4031.25,2156.25
RBMS,5,2,0.4852,5812.5,2062.5,3750
RBMS,9,3,0.7222,6000,2062.5,3937.5
RBMS,5,3,0.4822,5718.75,2718.75,3000
RBMS,1,1,0.3105,6093.75,3375,2718.75
RBMS,5,2,0.5305,5718.75,2812.5,2906.25
RBMS,7,5,1.1617,9562.5,2062.5,7500
RBMS,5,2,0.5365,5718.75,2625,3093.75
RBMS,6,2,0.5163,6375,2812.5,3562.5
RBMS,14,3,1.1356,6093.75,2156.25,3937.5
RBMS,5,5,0.6231,6093.75,2062.5,4031.25
RBMS,5,2,0.5333,5531.25,2531.25,3000
RBMS,4,2,0.4454,6468.75,2812.5,3656.25
RBMS,14,7,1.5033,6562.5,2062.5,4500
RBMS,2,2,0.7181,5906.25,2625,3281.25
RBMS,10,4,0.6887,6375,2343.75,4031.25
RBMS,5,2,0.5165,5625,2250,3375
RBMS,14,7,1.5465,6656.25,2156.25,4500
RBMS,6,2,0.7023,5718.75,3000,2718.75
RBMS,5,2,0.5972,5437.5,3281.25,2156.25
RBMS,10,4,0.7698,6468.75,2343.75,4125
RSRG,7,2,0.4718,6000,3281.25,2718.75
RSRG,6,3,0.4697,5625,2156.25,3468.75
RSRG,6,3,0.5691,5156.25,2437.5,2718.75
RSRG,5,2,0.4367,6093.75,2156.25,3937.5
RSRG,5,2,0.4264,5718.75,2437.5,3281.25
RSRG,6,3,0.6453,6281.25,2062.5,4218.75
RSRG,5,2,0.4264,5156.25,2343.75,2812.5
RSRG,7,2,0.4912,6281.25,3562.5,2718.75
RSRG,5,3,0.5879,6093.75,2062.5,4031.25
RSRG,4,2,0.5436,6093.75,3281.25,2812.5
RSRG,4,3,0.6711,5718.75,2343.75,3375
RSRG,8,4,0.9828,5906.25,2437.5,3468.75
RSRG,4,2,0.5513,6281.25,2718.75,3562.5
RSRG,4,3,0.654,5812.5,2343.75,3468.75
RSRG,6,3,0.699,8156.25,2343.75,5812.5
RSRG,8,4,1.0327,5812.5,2343.75,3468.75
RSRG,4,2,0.5404,6187.5,3093.75,3093.75
RSRG,4,3,0.6644,5812.5,2437.5,3375
RSRG,8,4,1.0301,6187.5,2531.25,3656.25
RSRG,4,2,0.5529,6093.75,3281.25,2812.5
RSRG,4,3,0.6771,5812.5,2343.75,3468.75
RSRG,5,3,0.6429,6656.25,3281.25,3375
RSRG,4,2,0.4492,5062.5,2531.25,2531.25
RSRG,8,4,1.019,5812.5,2250,3562.5
RSRG,4,2,0.5412,6187.5,2250,3937.5
RSRG,11,6,1.3711,6187.5,2156.25,4031.25
RSRG,5,2,0.5574,5531.25,2343.75,3187.5
RSRG,5,2,0.5507,5437.5,2437.5,3000
RSRG,5,2,0.5407,7406.25,2437.5,4968.75
RSRG,5,2,0.5599,5531.25,2531.25,3000
RSRG,5,2,0.5363,5531.25,2062.5,3468.75
RSRG,11,6,1.3346,6750,2250,4500
RSRG,5,2,0.5555,5531.25,2437.5,3093.75
RSRG,11,6,1.352,6375,2250,4125
RSRG,5,2,0.558,5625,2437.5,3187.5
RSRG,11,6,1.3571,6281.25,2062.5,4218.75
RSRG,5,2,0.5572,5718.75,2343.75,3375
RSRG,5,3,0.6436,6562.5,2062.5,4500
RSRG,5,2,0.5612,5625,2437.5,3187.5
RSRG,11,6,1.3607,7125,2250,4875
RSRG,5,2,0.5311,5906.25,2531.25,3375
RSRG,5,2,0.5608,5625,2531.25,3093.75
RSRG,11,6,1.3617,6843.75,2156.25,4687.5
RSRG,11,6,1.3523,6750,2250,4500
RSRG,5,2,0.5381,6656.25,2531.25,4125
RSRG,5,2,0.5557,5250,2531.25,2718.75
RSRG,5,2,0.5463,5437.5,2062.5,3375
RSRG,5,2,0.5602,5437.5,2437.5,3000
RSRG,11,6,1.3496,7968.75,2250,5718.75
RSRG,5,2,0.5549,5625,2531.25,3093.75
UB1,5,3,0.6351,5437.5,2156.25,3281.25
UB2,3,2,0.3755,6937.5,3468.75,3468.75
UB3,7,5,0.9314,7968.75,2437.5,5531.25
UB4,7,5,0.961,8062.5,2156.25,5906.25
UB5,5,3,0.6505,5718.75,2437.5,3281.25
UB6,7,5,0.9284,7406.25,2062.5,5343.75
UB7,6,3,0.6771,5906.25,2906.25,3000
UB8,1,1,0.1551,6093.75,3187.5,2906.25
UB9,9,4,0.7562,6093.75,2156.25,3937.5
UB10,8,5,1.1737,7218.75,2437.5,4781.25
UB11,13,6,1.5169,5906.25,2156.25,3750
UB12,11,5,1.1466,6187.5,2250,3937.5
UB13,7,2,0.4496,5906.25,2812.5,3093.75
UB14,5,3,0.4718,5531.25,2531.25,3000
UB15,7,3,0.5307,5625,2250,3375
UB16,8,4,0.8269,7312.5,2437.5,4875
UB17,4,2,0.4348,7406.25,2343.75,5062.5
UB18,8,6,0.8863,7312.5,2250,5062.5
UB19,13,5,1.3362,7218.75,2718.75,4500
UB20,4,2,0.4233,7875,2437.5,5437.5
UB21,8,6,0.9189,7312.5,2156.25,5156.25
UB22,7,6,0.8296,7500,2437.5,5062.5
UB23,8,6,0.8101,7218.75,2250,4968.75
UB24,6,3,0.4863,5718.75,2250,3468.75
UB25,8,6,0.8652,7125,2437.5,4687.5
UB26,7,5,0.7482,7125,2156.25,4968.75
UB27,4,2,0.4306,7031.25,2718.75,4312.5
UB28,9,6,0.9187,7125,2343.75,4781.25
UB29,7,4,0.8146,5906.25,3000,2906.25
UB30,4,2,0.4543,7031.25,2531.25,4500
UB31,7,5,0.7286,6562.5,2343.75,4218.75
UB32,6,3,0.5109,5718.75,2250,3468.75
UB33,8,2,0.5297,7312.5,3843.75,3468.75
UB34,6,2,0.4633,6375,2812.5,3562.5
UB35,1,1,0.0931,6281.25,3937.5,2343.75
UB36,3,1,0.1847,5250,3750,1500
UB37,5,4,0.7476,6750,2250,4500
UB38,7,2,0.5071,6281.25,2718.75,3562.5
UB39,6,5,0.8003,7218.75,2531.25,4687.5
UB40,1,1,0.0845,5718.75,2718.75,3000
UB41,7,2,0.4956,7781.25,3000,4781.25
UB42,4,2,0.4329,6562.5,2718.75,3843.75
UB43,5,3,0.5726,7125,2062.5,5062.5
UB44,4,2,0.4432,6281.25,2625,3656.25
UB45,7,2,0.4809,6093.75,3375,2718.75
UB46,5,4,0.7762,6187.5,2343.75,3843.75
UB47,5,4,0.7328,7031.25,2250,4781.25
UB48,3,1,0.1908,5156.25,3375,1781.25
UB49,7,2,0.4617,6093.75,3093.75,3000
UB50,11,4,0.982,6375,3375,3000
UB7,3,2,0.4793,5531.25,2437.5,3093.75
UB8,8,5,0.9174,6468.75,2250,4218.75
UB9,12,3,0.9088,5343.75,1968.75,3375
UB10,6,3,0.5037,6281.25,2156.25,4125
UB11,6,3,0.5044,6281.25,2156.25,4125
UB12,6,3,0.6356,5625,2343.75,3281.25
UB13,6,3,0.6624,5625,2156.25,3468.75
UB14,3,2,0.4179,6093.75,2343.75,3750
UB15,6,3,0.5995,6281.25,2062.5,4218.75
UB16,6,3,0.6376,5718.75,2250,3468.75
UB17,8,5,1.1866,5906.25,2156.25,3750
UB18,8,6,1.1686,6468.75,2156.25,4312.5
UB19,9,6,1.3317,6750,2250,4500
UB20,9,6,1.9191,6937.5,2250,4687.5
UB21,8,5,1.2482,6750,2156.25,4593.75
UB22,5,4,0.8567,6000,2156.25,3843.75
UB23,5,4,0.8069,5906.25,2625,3281.25
UB24,8,5,1.0062,6656.25,2062.5,4593.75
UB25,6,2,0.4226,5437.5,2718.75,2718.75
UB26,4,2,0.4429,6937.5,2062.5,4875
UB27,7,5,0.9029,6562.5,2062.5,4500
UB28,5,4,0.8633,5906.25,2437.5,3468.75
UB29,8,4,1.2247,7125,2156.25,4968.75
UB30,11,4,1.3004,6562.5,2062.5,4500
UB31,7,5,0.8784,6843.75,2156.25,4687.5
UB32,4,2,0.4318,4875,2156.25,2718.75
UB33,6,2,0.4261,5437.5,2812.5,2625
UB34,6,2,0.4082,5625,3000,2625
UB35,6,4,0.7112,5625,2062.5,3562.5
UB36,7,5,0.9065,5812.5,2062.5,3750
UB37,6,4,0.7254,6843.75,2156.25,4687.5
UB38,7,4,0.8095,6375,2062.5,4312.5
UB39,7,5,0.9297,6562.5,2062.5,4500
UB40,6,4,0.741,5906.25,2250,3656.25
UB41,5,4,0.7211,5906.25,2250,3656.25
UB42,7,4,0.7818,5812.5,2062.5,3750
UB43,6,4,0.6767,5906.25,2062.5,3843.75
UB44,6,4,0.7756,6187.5,2062.5,4125
UB45,6,4,0.7088,6000,2156.25,3843.75
UB46,8,6,1.0553,6468.75,2250,4218.75
UB47,7,5,0.9193,6000,2156.25,3843.75
UB48,6,4,0.7364,5718.75,2250,3468.75
UB49,5,2,0.4473,5906.25,2812.5,3093.75
UB50,7,4,0.7816,7875,2343.75,5531.25
UB51,15,4,1.2643,5531.25,2343.75,3187.5
UB52,5,2,0.4868,6093.75,3093.75,3000
UB53,5,2,0.5969,6562.5,2062.5,4500
UB54,6,4,0.7998,6000,2156.25,3843.75
UB55,13,3,0.8298,5531.25,2343.75,3187.5
UB56,2,2,0.4391,5906.25,2250,3656.25
WOYS,9,4,0.8061,7500,2531.25,4968.75
WOYS,5,3,0.4795,5531.25,2437.5,3093.75
WOYS,5,3,0.5007,6281.25,2156.25,4125
WOYS,5,3,0.485,5625,2156.25,3468.75
WOYS,17,5,1.0978,7406.25,2156.25,5250
WOYS,16,5,1.081,6468.75,2156.25,4312.5
WOYS,7,3,0.6656,6843.75,2156.25,4687.5
WOYS,6,2,0.5645,5437.5,2625,2812.5
WOYS,6,3,0.8599,5625,2625,3000
WOYS,1,1,0.1625,6468.75,4218.75,2250
WOYS,4,1,0.3381,6187.5,3562.5,2625
WOYS,11,2,0.515,6187.5,2062.5,4125
WOYS,4,2,0.3548,6093.75,2062.5,4031.25
WOYS,1,1,0.101,6562.5,3843.75,2718.75
WOYS,3,2,0.4414,6187.5,2343.75,3843.75
WOYS,8,3,0.7412,8343.75,2156.25,6187.5
WOYS,1,1,0.0634,7218.75,5062.5,2156.25
WOYS,4,1,0.3077,3843.75,2156.25,1687.5
WOYS,3,1,0.236,6000,3656.25,2343.75
WOYS,6,1,0.3332,6656.25,4406.25,2250
WOYS,15,5,1.0235,6750,2062.5,4687.5
WOYS,8,4,0.9971,7031.25,2437.5,4593.75
WOYS,6,1,0.3294,6468.75,4312.5,2156.25
WOYS,7,3,0.6952,7125,2437.5,4687.5
WOYS,6,2,0.5502,5531.25,2531.25,3000
WOYS,8,4,0.9774,7781.25,2531.25,5250
WOYS,8,4,1.0381,7687.5,2531.25,5156.25
WOYS,2,2,0.3874,6187.5,2906.25,3281.25
WOYS,6,3,0.8885,6093.75,2625,3468.75
WOYS,7,3,0.6685,7500,2625,4875
WOYS,1,1,0.2127,5718.75,3656.25,2062.5
WOYS,3,1,0.1523,5250,2718.75,2531.25
WOYS,8,4,1.0188,8062.5,2437.5,5625
WOYS,4,2,0.4229,6281.25,2718.75,3562.5
WOYS,8,4,0.9531,6281.25,2437.5,3843.75
WOYS,7,3,0.7134,7781.25,2718.75,5062.5
WOYS,8,4,1.0259,7406.25,2437.5,4968.75
WOYS,6,2,0.5941,5062.5,2625,2437.5
WOYS,8,4,1.017,7218.75,2437.5,4781.25
WOYS,8,4,1.065,7312.5,2250,5062.5
WOYS,8,4,1.0348,6750,2250,4500
WOYS,6,2,0.6106,5531.25,2531.25,3000
WOYS,8,4,1.0609,7781.25,2531.25,5250
WOYS,8,4,0.9906,6375,2531.25,3843.75
WOYS,2,2,0.3757,6187.5,3187.5,3000
WOYS,8,4,1.0351,7593.75,2625,4968.75
WOYS,2,2,0.3679,5156.25,2812.5,2343.75
WOYS,2,2,0.3671,5625,2812.5,2812.5
WOYS,8,4,1.0266,7687.5,2531.25,5156.25
WOYS,8,3,0.8545,6187.5,2343.75,3843.75
YMMS,2,2,0.5928,6000,2343.75,3656.25
YMMS,3,3,0.5345,6562.5,2250,4312.5
YMMS,6,3,0.6521,7593.75,2156.25,5437.5
YMMS,6,3,0.7433,5437.5,2343.75,3093.75
YMMS,6,3,0.7205,5250,2343.75,2906.25
YMMS,6,3,0.5842,7312.5,2531.25,4781.25
YMMS,6,3,0.7228,5812.5,2343.75,3468.75
YMMS,4,2,0.3859,5343.75,2625,2718.75
YMMS,5,2,0.4727,7125,2343.75,4781.25
YMMS,6,3,0.7047,5812.5,2343.75,3468.75
YMMS,3,3,0.5411,6843.75,2250,4593.75
YMMS,6,3,0.7323,6000,2343.75,3656.25
YMMS,3,3,0.5375,6937.5,2343.75,4593.75
YMMS,6,3,0.73,5531.25,2437.5,3093.75
YMMS,4,2,0.3729,5250,2625,2625
YMMS,1,1,0.3292,5437.5,2343.75,3093.75
YMMS,1,1,0.0926,6281.25,4968.75,1312.5
YMMS,1,1,0.1226,8250,4968.75,3281.25
YMMS,8,3,0.6368,6843.75,2531.25,4312.5
YMMS,7,3,0.6313,6000,2156.25,3843.75
YMMS,8,4,1.1419,6281.25,2062.5,4218.75
YMMS,6,4,1.152,6750,2062.5,4687.5
YMMS,6,3,0.6935,6562.5,2062.5,4500
YMMS,5,3,0.7294,7125,2625,4500
YMMS,5,3,0.7226,7031.25,2625,4406.25
YMMS,8,3,0.7572,6375,2062.5,4312.5
YMMS,4,2,0.4929,7125,2718.75,4406.25
YMMS,4,4,0.6,9000,2625,6375
YMMS,6,3,0.7938,6375,2531.25,3843.75
YMMS,3,3,0.4427,5250,2156.25,3093.75
YMMS,1,1,0.0527,9000,4687.5,4312.5
YMMS,8,3,0.7475,6468.75,2156.25,4312.5
YMMS,5,3,0.73,7218.75,2718.75,4500
YMMS,1,1,0.0692,5812.5,4312.5,1500
YMMS,8,3,0.7451,6187.5,2156.25,4031.25
YMMS,8,3,0.7643,6000,2062.5,3937.5
YMMS,13,6,1.4811,5812.5,2062.5,3750
YMMS,3,1,0.2103,6000,2812.5,3187.5
YMMS,5,3,0.7304,7125,2062.5,5062.5
YMMS,9,3,0.8198,6093.75,2062.5,4031.25
YMMS,6,4,1.1045,6187.5,2250,3937.5
YMMS,8,3,0.639,6843.75,2718.75,4125
YMMS,8,3,0.6295,6562.5,2250,4312.5
YMMS,5,3,0.6386,5625,2531.25,3093.75
YMMS,7,2,0.4572,6468.75,2250,4218.75
YMMS,6,3,0.6652,5718.75,2531.25,3187.5
YMMS,8,3,0.6329,7125,2250,4875
YMMS,7,3,0.5943,6375,2156.25,4218.75
YMMS,7,3,0.5766,6562.5,2343.75,4218.75
YMMS,6,3,0.6574,5718.75,2531.25,3187.5
